 ## t ## i ## j ## S_x ## S_y ## S_z ##
  0.82999998331069946                1           1 -0.94687885761613411       0.32159046783069439        6.1232339957367660E-017
  0.82999998331069946                1           2 -0.18793535358990648       0.98218140018584998        6.1232339957367660E-017
  0.82999998331069946                1           3  -3.1991769615000366E-002 -0.99948813233419675        6.1232339957367660E-017
  0.82999998331069946                1           4 -0.29797646692530833       0.95457321623786962        6.1232339957367660E-017
  0.82999998331069946                1           5 -0.19897698393906388      -0.98000416318631700        6.1232339957367660E-017
  0.82999998331069946                1           6  -6.2523394463661078E-002  0.99804349862355268        6.1232339957367660E-017
  0.82999998331069946                1           7  0.27249671158774913      -0.96215671393690494        6.1232339957367660E-017
  0.82999998331069946                1           8 -0.40257495234504775       0.91538702620497225        6.1232339957367660E-017
  0.82999998331069946                1           9  0.35663106792105198      -0.93424530043960619        6.1232339957367660E-017
  0.82999998331069946                1          10 -0.39099325555578424       0.92039354306181942        6.1232339957367660E-017
  0.82999998331069946                1          11 -0.95110750364219698      -0.30886002738377816        6.1232339957367660E-017
  0.82999998331069946                1          12  0.84090680033040854      -0.54117996374410826        6.1232339957367660E-017
  0.82999998331069946                1          13 -0.63721999917492234       0.77068195298158626        6.1232339957367660E-017
  0.82999998331069946                1          14  0.19456457594081630      -0.98088971132792002        6.1232339957367660E-017
  0.82999998331069946                1          15 -0.65232803835546782       0.75793675882312728        6.1232339957367660E-017
  0.82999998331069946                1          16  0.19565215133615999      -0.98067335829904767        6.1232339957367660E-017
  0.82999998331069946                1          17 -0.84583323681214784       0.53344740650216393        6.1232339957367660E-017
  0.82999998331069946                1          18  0.26015625537084353      -0.96556652944860322        6.1232339957367660E-017
  0.82999998331069946                1          19  0.80813743009002048      -0.58899396778532231        6.1232339957367660E-017
  0.82999998331069946                1          20 -0.97484212776114532      -0.22289644667899675        6.1232339957367660E-017
  0.82999998331069946                1          21  0.57746763503759935      -0.81641357808654924        6.1232339957367660E-017
  0.82999998331069946                1          22 -0.35936035103321717       0.93319887382341116        6.1232339957367660E-017
  0.82999998331069946                1          23  0.85848180035235122       0.51284402937324503        6.1232339957367660E-017
  0.82999998331069946                1          24 -0.95880722491043902      -0.28405757419851141        6.1232339957367660E-017
  0.82999998331069946                1          25 -0.18362183922821670      -0.98299695836683387        6.1232339957367660E-017
  0.82999998331069946                1          26 -0.81105980906930042       0.58496323483828450        6.1232339957367660E-017
  0.82999998331069946                1          27  0.98630387570432265       0.16493836658167846        6.1232339957367660E-017
  0.82999998331069946                1          28 -0.99549688212411458        9.4794291395456032E-002   6.1232339957367660E-017
  0.82999998331069946                1          29  0.33638879650140174       0.94172319584277975        6.1232339957367660E-017
  0.82999998331069946                1          30 -0.80105505131806209      -0.59859068215084754        6.1232339957367660E-017
  0.82999998331069946                1          31  0.94873719156563696       0.31606603952362200        6.1232339957367660E-017
  0.82999998331069946                1          32 -0.42506131929485308      -0.90516455677369456        6.1232339957367660E-017
  0.82999998331069946                1          33  0.48675816639559999       0.87353676937332947        6.1232339957367660E-017
  0.82999998331069946                1          34  0.58713984915807227      -0.80948551409561131        6.1232339957367660E-017
  0.82999998331069946                1          35 -0.91306194955792563       0.40782088748552364        6.1232339957367660E-017
  0.82999998331069946                1          36  0.59599604348035518      -0.80298736986067387        6.1232339957367660E-017
  0.82999998331069946                1          37 -0.20056280859425712      -0.97968084589257098        6.1232339957367660E-017
  0.82999998331069946                1          38  0.17738645400617983       0.98414127336227164        6.1232339957367660E-017
  0.82999998331069946                1          39 -0.93537671795361343      -0.35365293086630339        6.1232339957367660E-017
  0.82999998331069946                1          40  0.29839108353170130      -0.95444369203676827        6.1232339957367660E-017
  0.82999998331069946                2           1  0.26843885460067840       0.96329672549047718        6.1232339957367660E-017
  0.82999998331069946                2           2 -0.67069836989805487       0.74173020473491036        6.1232339957367660E-017
  0.82999998331069946                2           3  0.73971619761179952      -0.67291897505624054        6.1232339957367660E-017
  0.82999998331069946                2           4 -0.99241346816216391       0.12294514309376223        6.1232339957367660E-017
  0.82999998331069946                2           5 -0.65626593571362124      -0.75452966914623387        6.1232339957367660E-017
  0.82999998331069946                2           6  0.30455776904590715       0.95249386628669686        6.1232339957367660E-017
  0.82999998331069946                2           7  0.94949125101102305       0.31379350575421810        6.1232339957367660E-017
  0.82999998331069946                2           8 -0.89685139481280007       0.44233197445169514        6.1232339957367660E-017
  0.82999998331069946                2           9  0.12970237442132720      -0.99155297088429417        6.1232339957367660E-017
  0.82999998331069946                2          10  0.73117988046265892       0.68218471282095716        6.1232339957367660E-017
  0.82999998331069946                2          11 -0.83483842530559105       0.55049505323234393        6.1232339957367660E-017
  0.82999998331069946                2          12 -0.14159237247986636      -0.98992504769579537        6.1232339957367660E-017
  0.82999998331069946                2          13 -0.25270741019614190       0.96754274573889443        6.1232339957367660E-017
  0.82999998331069946                2          14  0.93156772372728747      -0.36356784251300356        6.1232339957367660E-017
  0.82999998331069946                2          15  0.50148624571024525       0.86516561730309394        6.1232339957367660E-017
  0.82999998331069946                2          16 -0.26251346109320417      -0.96492833036701064        6.1232339957367660E-017
  0.82999998331069946                2          17  0.87771998245209171       0.47917390622226058        6.1232339957367660E-017
  0.82999998331069946                2          18  0.56329473167206279      -0.82625604098880800        6.1232339957367660E-017
  0.82999998331069946                2          19  -7.0402407682846835E-002 -0.99751867200191202        6.1232339957367660E-017
  0.82999998331069946                2          20 -0.31097254991794188       0.95041889353986075        6.1232339957367660E-017
  0.82999998331069946                2          21  0.18342782318869399      -0.98303318035570764        6.1232339957367660E-017
  0.82999998331069946                2          22 -0.43854741385164092      -0.89870805371045692        6.1232339957367660E-017
  0.82999998331069946                2          23 -0.22525750122270150      -0.97429926518647469        6.1232339957367660E-017
  0.82999998331069946                2          24 -0.99722756767171528       -7.4412218590461057E-002   6.1232339957367660E-017
  0.82999998331069946                2          25 -0.34285341910770117      -0.93938891467068042        6.1232339957367660E-017
  0.82999998331069946                2          26 -0.42505661863824939      -0.90516676416659148        6.1232339957367660E-017
  0.82999998331069946                2          27  0.89493124895622156      -0.44620405605693159        6.1232339957367660E-017
  0.82999998331069946                2          28 -0.96168789975300406      -0.27414664591903365        6.1232339957367660E-017
  0.82999998331069946                2          29  0.56761989421631698       0.82329074796808999        6.1232339957367660E-017
  0.82999998331069946                2          30 -0.85923426405878345      -0.51158232911952772        6.1232339957367660E-017
  0.82999998331069946                2          31  0.16290228196246992       0.98664220796163993        6.1232339957367660E-017
  0.82999998331069946                2          32 -0.99652369180165135       -8.3309853426874497E-002   6.1232339957367660E-017
  0.82999998331069946                2          33  0.45118658553480373       0.89242964150315252        6.1232339957367660E-017
  0.82999998331069946                2          34 -0.87302463408216979       0.48767611002149108        6.1232339957367660E-017
  0.82999998331069946                2          35 -0.74654987472767298       0.66532945564141066        6.1232339957367660E-017
  0.82999998331069946                2          36  0.90106061115595470      -0.43369318074331920        6.1232339957367660E-017
  0.82999998331069946                2          37 -0.99922477962321476        3.9368004609553926E-002   6.1232339957367660E-017
  0.82999998331069946                2          38 -0.55290719633786922       0.83324284109603786        6.1232339957367660E-017
  0.82999998331069946                2          39  0.90620705552452030      -0.42283421398649723        6.1232339957367660E-017
  0.82999998331069946                2          40 -0.32551801276656744      -0.94553583928083063        6.1232339957367660E-017
  0.82999998331069946                3           1  0.15205791329302282      -0.98837158549048321        6.1232339957367660E-017
  0.82999998331069946                3           2 -0.36944496771489899       0.92925261141959525        6.1232339957367660E-017
  0.82999998331069946                3           3 -0.19412415182821227      -0.98097696898397013        6.1232339957367660E-017
  0.82999998331069946                3           4  0.99715713186954613        7.5350211424391633E-002   6.1232339957367660E-017
  0.82999998331069946                3           5 -0.54132327312953388      -0.84081455385139958        6.1232339957367660E-017
  0.82999998331069946                3           6 -0.63968758414731341       0.76863502046665411        6.1232339957367660E-017
  0.82999998331069946                3           7  0.50717636221072915       0.86184229277443292        6.1232339957367660E-017
  0.82999998331069946                3           8 -0.88399303209069402       0.46750007402684030        6.1232339957367660E-017
  0.82999998331069946                3           9  0.97656075789253360       0.21524192469024311        6.1232339957367660E-017
  0.82999998331069946                3          10 -0.90355759337870634      -0.42846665616787538        6.1232339957367660E-017
  0.82999998331069946                3          11  0.26005061287976533       0.96559498690748102        6.1232339957367660E-017
  0.82999998331069946                3          12  0.29366174024732300      -0.95590940068340879        6.1232339957367660E-017
  0.82999998331069946                3          13  0.13920303914097323       0.99026386074314388        6.1232339957367660E-017
  0.82999998331069946                3          14  0.78372500003569523      -0.62110798120701161        6.1232339957367660E-017
  0.82999998331069946                3          15 -0.34600320104621146       0.93823333178147905        6.1232339957367660E-017
  0.82999998331069946                3          16 -0.86045221897028079      -0.50953113630976465        6.1232339957367660E-017
  0.82999998331069946                3          17  0.99667042346750956       -8.1535679215268567E-002   6.1232339957367660E-017
  0.82999998331069946                3          18 -0.98768908173963432       0.15642978556629775        6.1232339957367660E-017
  0.82999998331069946                3          19 -0.92675424415200647       0.37566816600058522        6.1232339957367660E-017
  0.82999998331069946                3          20 -0.83403013140257043      -0.55171889573641675        6.1232339957367660E-017
  0.82999998331069946                3          21 -0.62996954017556939      -0.77661984165419162        6.1232339957367660E-017
  0.82999998331069946                3          22 -0.37342022560970739       0.92766229583054371        6.1232339957367660E-017
  0.82999998331069946                3          23 -0.12383186267607241       0.99230321464065330        6.1232339957367660E-017
  0.82999998331069946                3          24  0.70521192387049891      -0.70899657434353625        6.1232339957367660E-017
  0.82999998331069946                3          25 -0.35698014566958064       0.93411197165956772        6.1232339957367660E-017
  0.82999998331069946                3          26  0.97687270168325591       0.21382171242896869        6.1232339957367660E-017
  0.82999998331069946                3          27 -0.35390600385920401      -0.93528099544062637        6.1232339957367660E-017
  0.82999998331069946                3          28  0.92569610814404735       0.37826804698119054        6.1232339957367660E-017
  0.82999998331069946                3          29  -6.5424826375074407E-002  0.99785750089568970        6.1232339957367660E-017
  0.82999998331069946                3          30 -0.97087094600979873      -0.23960301791513092        6.1232339957367660E-017
  0.82999998331069946                3          31  0.14589840089574707      -0.98929957880111519        6.1232339957367660E-017
  0.82999998331069946                3          32 -0.71062596771451791       0.70356999226075934        6.1232339957367660E-017
  0.82999998331069946                3          33  0.96724104499163788       0.25385972678525509        6.1232339957367660E-017
  0.82999998331069946                3          34  0.32124374784431409      -0.94699654406493938        6.1232339957367660E-017
  0.82999998331069946                3          35  0.85841522733805298       0.51295545369374784        6.1232339957367660E-017
  0.82999998331069946                3          36  0.58885405431612903      -0.80823938453620126        6.1232339957367660E-017
  0.82999998331069946                3          37  0.41279403194091413      -0.91082439975769403        6.1232339957367660E-017
  0.82999998331069946                3          38 -0.36133853809256600       0.93243469524097355        6.1232339957367660E-017
  0.82999998331069946                3          39  0.99499616393006562       -9.9913131091233759E-002   6.1232339957367660E-017
  0.82999998331069946                3          40 -0.92201849698886595       0.38714582680224330        6.1232339957367660E-017
  0.82999998331069946                4           1  0.94852318031807992      -0.31670771446126028        6.1232339957367660E-017
  0.82999998331069946                4           2 -0.87963241725324093       0.47565408703933182        6.1232339957367660E-017
  0.82999998331069946                4           3  0.99727133007579905       -7.3823398789588310E-002   6.1232339957367660E-017
  0.82999998331069946                4           4 -0.75684840785243457       0.65359045856808140        6.1232339957367660E-017
  0.82999998331069946                4           5  0.97718285479963229       0.21239978409979782        6.1232339957367660E-017
  0.82999998331069946                4           6 -0.97996329522801062       0.19917816146821646        6.1232339957367660E-017
  0.82999998331069946                4           7  0.78549098164117848      -0.61887310311596011        6.1232339957367660E-017
  0.82999998331069946                4           8  0.65353959219813051      -0.75689233146432477        6.1232339957367660E-017
  0.82999998331069946                4           9  0.76260170057402610       0.64686833767127871        6.1232339957367660E-017
  0.82999998331069946                4          10 -0.62448483983057579       0.78103692923048140        6.1232339957367660E-017
  0.82999998331069946                4          11  0.85564540740706452       0.51756249553382294        6.1232339957367660E-017
  0.82999998331069946                4          12 -0.91752373200686888      -0.39768102947486372        6.1232339957367660E-017
  0.82999998331069946                4          13  0.95232053945183315      -0.30509931192673889        6.1232339957367660E-017
  0.82999998331069946                4          14 -0.94494140524666370       0.32723957684005828        6.1232339957367660E-017
  0.82999998331069946                4          15 -0.76097545793956822      -0.64878066587535144        6.1232339957367660E-017
  0.82999998331069946                4          16 -0.48687191868244833      -0.87347337383487045        6.1232339957367660E-017
  0.82999998331069946                4          17  0.69687208596636463       0.71719543766039651        6.1232339957367660E-017
  0.82999998331069946                4          18 -0.99579550134359185        9.1604145669639883E-002   6.1232339957367660E-017
  0.82999998331069946                4          19  0.76084753437572494       0.64893068153261180        6.1232339957367660E-017
  0.82999998331069946                4          20  0.42753765545609990      -0.90399754046518355        6.1232339957367660E-017
  0.82999998331069946                4          21  0.99977655021060940        2.1138818533038728E-002   6.1232339957367660E-017
  0.82999998331069946                4          22 -0.95497353305808530       0.29669100282711319        6.1232339957367660E-017
  0.82999998331069946                4          23  0.87202769087726550      -0.48945654183314813        6.1232339957367660E-017
  0.82999998331069946                4          24  0.25023114485661208       0.96818612577528151        6.1232339957367660E-017
  0.82999998331069946                4          25  0.21696603196014494       0.97617915413896716        6.1232339957367660E-017
  0.82999998331069946                4          26 -0.18007988092949015       0.98365198951886468        6.1232339957367660E-017
  0.82999998331069946                4          27 -0.99997553281026930       -6.9952684593256719E-003   6.1232339957367660E-017
  0.82999998331069946                4          28  0.21361917886442436       0.97691701102053141        6.1232339957367660E-017
  0.82999998331069946                4          29  0.99917985216898153       -4.0492258761054688E-002   6.1232339957367660E-017
  0.82999998331069946                4          30  0.67675041533454139       0.73621252050241970        6.1232339957367660E-017
  0.82999998331069946                4          31  0.60897233574720244      -0.79319146130968698        6.1232339957367660E-017
  0.82999998331069946                4          32  0.36726134769799973      -0.93011778957670133        6.1232339957367660E-017
  0.82999998331069946                4          33 -0.86714599098050849       0.49805404358004346        6.1232339957367660E-017
  0.82999998331069946                4          34  0.51424035103188881      -0.85764611663004675        6.1232339957367660E-017
  0.82999998331069946                4          35 -0.14196051677786967       0.98987232089606392        6.1232339957367660E-017
  0.82999998331069946                4          36   2.6330348661087858E-002  0.99965329626795385        6.1232339957367660E-017
  0.82999998331069946                4          37 -0.45428234677639806      -0.89085776047993681        6.1232339957367660E-017
  0.82999998331069946                4          38 -0.97729877846265556       0.21186575375789579        6.1232339957367660E-017
  0.82999998331069946                4          39  0.98663766607974268       0.16292978816876391        6.1232339957367660E-017
  0.82999998331069946                4          40 -0.99882504189732590        4.8461692900734640E-002   6.1232339957367660E-017
  0.82999998331069946                5           1  0.65529566152072327      -0.75537248824147518        6.1232339957367660E-017
  0.82999998331069946                5           2 -0.98229893618316100       0.18732004690750606        6.1232339957367660E-017
  0.82999998331069946                5           3  0.69467666569805830       0.71932213238202825        6.1232339957367660E-017
  0.82999998331069946                5           4  -7.7297860761590537E-003 -0.99997012475734337        6.1232339957367660E-017
  0.82999998331069946                5           5  0.87961558199723200       0.47568521934959335        6.1232339957367660E-017
  0.82999998331069946                5           6 -0.99143543962609915       0.13059773755086107        6.1232339957367660E-017
  0.82999998331069946                5           7 -0.30086397700584128      -0.95366706315161609        6.1232339957367660E-017
  0.82999998331069946                5           8 -0.97465957398624181       0.22369335000611348        6.1232339957367660E-017
  0.82999998331069946                5           9 -0.81055256059241587      -0.58566590008047925        6.1232339957367660E-017
  0.82999998331069946                5          10  0.15699549635919186       0.98759931861202244        6.1232339957367660E-017
  0.82999998331069946                5          11 -0.99510490773895710        9.8824200446255603E-002   6.1232339957367660E-017
  0.82999998331069946                5          12 -0.22533484609350168      -0.97428137985697849        6.1232339957367660E-017
  0.82999998331069946                5          13 -0.56775407718454762      -0.82319821904588864        6.1232339957367660E-017
  0.82999998331069946                5          14  -8.0227628368648732E-002 -0.99677656856807284        6.1232339957367660E-017
  0.82999998331069946                5          15  0.75124034179092525      -0.66002874851467941        6.1232339957367660E-017
  0.82999998331069946                5          16  0.95515862257013451      -0.29609458916015913        6.1232339957367660E-017
  0.82999998331069946                5          17  0.95216771229390851       0.30557592782315940        6.1232339957367660E-017
  0.82999998331069946                5          18 -0.99788649047928890       -6.4981167417399205E-002   6.1232339957367660E-017
  0.82999998331069946                5          19  0.89862114975826346       0.43872545994862960        6.1232339957367660E-017
  0.82999998331069946                5          20  0.59626870087697603      -0.80278492534083079        6.1232339957367660E-017
  0.82999998331069946                5          21  0.57402158391546509      -0.81884016828632722        6.1232339957367660E-017
  0.82999998331069946                5          22 -0.66389163574742083      -0.74782878788170082        6.1232339957367660E-017
  0.82999998331069946                5          23  0.27040298230701032      -0.96274722911025545        6.1232339957367660E-017
  0.82999998331069946                5          24 -0.56614459091153535      -0.82430595180528110        6.1232339957367660E-017
  0.82999998331069946                5          25   9.8139893601799560E-002 -0.99517262888597746        6.1232339957367660E-017
  0.82999998331069946                5          26 -0.98190032788430959       0.18939837935073631        6.1232339957367660E-017
  0.82999998331069946                5          27  0.99776679701419246       -6.6793852831224229E-002   6.1232339957367660E-017
  0.82999998331069946                5          28  0.17917116604678324       0.98381791671906238        6.1232339957367660E-017
  0.82999998331069946                5          29  0.22538664628225552      -0.97426939789651479        6.1232339957367660E-017
  0.82999998331069946                5          30 -0.99947668920824828        3.2347298640204733E-002   6.1232339957367660E-017
  0.82999998331069946                5          31 -0.23123578411959364       0.97289773981780669        6.1232339957367660E-017
  0.82999998331069946                5          32  0.88893237048387430      -0.45803847077065496        6.1232339957367660E-017
  0.82999998331069946                5          33  0.72688407955012835      -0.68676017276525481        6.1232339957367660E-017
  0.82999998331069946                5          34  -5.7042471695351926E-002 -0.99837175261667188        6.1232339957367660E-017
  0.82999998331069946                5          35 -0.99728315811042645       -7.3663441063354179E-002   6.1232339957367660E-017
  0.82999998331069946                5          36 -0.80888147073807237       0.58797173936900493        6.1232339957367660E-017
  0.82999998331069946                5          37 -0.74747744766064295      -0.66428718581554080        6.1232339957367660E-017
  0.82999998331069946                5          38  -8.0342574720166007E-003  0.99996772483259344        6.1232339957367660E-017
  0.82999998331069946                5          39  0.39525207553107239      -0.91857269542937070        6.1232339957367660E-017
  0.82999998331069946                5          40 -0.47956498212128734       0.87750636916378522        6.1232339957367660E-017
  0.82999998331069946                6           1 -0.21366634030608131      -0.97690669719283107        6.1232339957367660E-017
  0.82999998331069946                6           2 -0.99921818827773956       -3.9534949284800759E-002   6.1232339957367660E-017
  0.82999998331069946                6           3  0.99904653357752526        4.3658031869642830E-002   6.1232339957367660E-017
  0.82999998331069946                6           4 -0.75591476204934716      -0.65467004858621636        6.1232339957367660E-017
  0.82999998331069946                6           5   7.8616495323994475E-003  0.99996909675580958        6.1232339957367660E-017
  0.82999998331069946                6           6 -0.73457837829424821       0.67852384345916128        6.1232339957367660E-017
  0.82999998331069946                6           7  -8.4894981388037288E-003 -0.99996396356136319        6.1232339957367660E-017
  0.82999998331069946                6           8 -0.99351433555047453       0.11370692615535373        6.1232339957367660E-017
  0.82999998331069946                6           9  0.44649085376684144      -0.89478819700673129        6.1232339957367660E-017
  0.82999998331069946                6          10 -0.65376937912838695       0.75669386076145972        6.1232339957367660E-017
  0.82999998331069946                6          11  0.79496852310106947      -0.60665067978079801        6.1232339957367660E-017
  0.82999998331069946                6          12 -0.99958126934034375       -2.8935894386508905E-002   6.1232339957367660E-017
  0.82999998331069946                6          13  0.54438455510174433       0.83883577425302736        6.1232339957367660E-017
  0.82999998331069946                6          14  0.40753217085008270       0.91319085065621364        6.1232339957367660E-017
  0.82999998331069946                6          15 -0.17570810805211828       0.98444230951577105        6.1232339957367660E-017
  0.82999998331069946                6          16  0.67484204490443589      -0.73796220392998402        6.1232339957367660E-017
  0.82999998331069946                6          17  0.40566009912865886       0.91402400623557289        6.1232339957367660E-017
  0.82999998331069946                6          18  0.40727485406567648      -0.91330564065146447        6.1232339957367660E-017
  0.82999998331069946                6          19  0.26185136249468349       0.96510821360077437        6.1232339957367660E-017
  0.82999998331069946                6          20 -0.94684161554804347      -0.32170010112894132        6.1232339957367660E-017
  0.82999998331069946                6          21 -0.11721227778251980       0.99310688344056575        6.1232339957367660E-017
  0.82999998331069946                6          22 -0.99418632700488052      -0.10767333558753012        6.1232339957367660E-017
  0.82999998331069946                6          23  0.99793991713091090        6.4155450249769985E-002   6.1232339957367660E-017
  0.82999998331069946                6          24 -0.38013203163235765       0.92493223455940610        6.1232339957367660E-017
  0.82999998331069946                6          25 -0.76695533394392790       0.64170048756016862        6.1232339957367660E-017
  0.82999998331069946                6          26  0.96978982500097777       0.24394199172051723        6.1232339957367660E-017
  0.82999998331069946                6          27 -0.41470845256248012      -0.90995433916940760        6.1232339957367660E-017
  0.82999998331069946                6          28 -0.74463884078074527       0.66746759981343506        6.1232339957367660E-017
  0.82999998331069946                6          29 -0.84450310547548135      -0.53555065572013638        6.1232339957367660E-017
  0.82999998331069946                6          30 -0.11575980552497488       0.99327723593406692        6.1232339957367660E-017
  0.82999998331069946                6          31 -0.64077986063456738      -0.76772467083267848        6.1232339957367660E-017
  0.82999998331069946                6          32 -0.81809485944428961       0.57508329914094014        6.1232339957367660E-017
  0.82999998331069946                6          33 -0.15950640773823413       0.98719689317301040        6.1232339957367660E-017
  0.82999998331069946                6          34  0.37629179715785643       0.92650120528346347        6.1232339957367660E-017
  0.82999998331069946                6          35 -0.93694804227210893       0.34946869113335804        6.1232339957367660E-017
  0.82999998331069946                6          36  0.18872980139999643      -0.98202905357403658        6.1232339957367660E-017
  0.82999998331069946                6          37  0.93330104423887417      -0.35909491895963519        6.1232339957367660E-017
  0.82999998331069946                6          38 -0.42406073779651210       0.90563375083942066        6.1232339957367660E-017
  0.82999998331069946                6          39 -0.16822096858760166      -0.98574931180673375        6.1232339957367660E-017
  0.82999998331069946                6          40 -0.79598352513357096       0.60531828628906770        6.1232339957367660E-017
  0.82999998331069946                7           1  0.97166544294598645       0.23636045985862339        6.1232339957367660E-017
  0.82999998331069946                7           2 -0.97974733936783664      -0.20023773620785126        6.1232339957367660E-017
  0.82999998331069946                7           3  0.75830226871980511       0.65190311339523177        6.1232339957367660E-017
  0.82999998331069946                7           4 -0.87352498570699055      -0.48677931277489794        6.1232339957367660E-017
  0.82999998331069946                7           5  0.23140247671075603       0.97285810567221365        6.1232339957367660E-017
  0.82999998331069946                7           6 -0.18822224811711602      -0.98212646095792511        6.1232339957367660E-017
  0.82999998331069946                7           7  0.57260031119714772       0.81983466846488606        6.1232339957367660E-017
  0.82999998331069946                7           8 -0.99984792396798050        1.7439292901932347E-002   6.1232339957367660E-017
  0.82999998331069946                7           9 -0.89128722465004251      -0.45343917252000265        6.1232339957367660E-017
  0.82999998331069946                7          10  0.63697063339907023       0.77088806722324299        6.1232339957367660E-017
  0.82999998331069946                7          11  0.12026878289818281      -0.99274136604666063        6.1232339957367660E-017
  0.82999998331069946                7          12 -0.93400001873726990       0.35727295587376823        6.1232339957367660E-017
  0.82999998331069946                7          13  0.68412915279199116       0.72936088618742945        6.1232339957367660E-017
  0.82999998331069946                7          14  0.76699511066539749      -0.64165294374402626        6.1232339957367660E-017
  0.82999998331069946                7          15 -0.64817535933736192       0.76149110536360287        6.1232339957367660E-017
  0.82999998331069946                7          16  0.38997380130530507      -0.92082595222739594        6.1232339957367660E-017
  0.82999998331069946                7          17 -0.50470080969669673       0.86329432564537267        6.1232339957367660E-017
  0.82999998331069946                7          18 -0.14813477014703572      -0.98896718341585277        6.1232339957367660E-017
  0.82999998331069946                7          19   3.8613547192682132E-002  0.99925421889186861        6.1232339957367660E-017
  0.82999998331069946                7          20  0.52418457176001454      -0.85160468219049268        6.1232339957367660E-017
  0.82999998331069946                7          21  0.34831609745562780       0.93737713661753108        6.1232339957367660E-017
  0.82999998331069946                7          22  0.29053415973014846      -0.95686462053411536        6.1232339957367660E-017
  0.82999998331069946                7          23 -0.77944728801627194       0.62646781657486517        6.1232339957367660E-017
  0.82999998331069946                7          24   1.7152499850896400E-002 -0.99985288505302872        6.1232339957367660E-017
  0.82999998331069946                7          25  0.97036764083551263      -0.24163327920491723        6.1232339957367660E-017
  0.82999998331069946                7          26   9.1266113698607099E-002  0.99582653935831256        6.1232339957367660E-017
  0.82999998331069946                7          27 -0.59467616615673158      -0.80396533345980248        6.1232339957367660E-017
  0.82999998331069946                7          28  0.45107151285236669       0.89248780960474594        6.1232339957367660E-017
  0.82999998331069946                7          29  0.99879420918466222        4.9093051434853235E-002   6.1232339957367660E-017
  0.82999998331069946                7          30 -0.48666681654744609       0.87358766570480750        6.1232339957367660E-017
  0.82999998331069946                7          31  0.23354548535614517      -0.97234587790032956        6.1232339957367660E-017
  0.82999998331069946                7          32 -0.15344020726422047       0.98815793413538555        6.1232339957367660E-017
  0.82999998331069946                7          33  0.56557373478656792       0.82469773282068193        6.1232339957367660E-017
  0.82999998331069946                7          34  0.76273046132513744      -0.64671650927337787        6.1232339957367660E-017
  0.82999998331069946                7          35  0.86944600343435219      -0.49402798211440663        6.1232339957367660E-017
  0.82999998331069946                7          36  0.72917545662009875       0.68432678850302986        6.1232339957367660E-017
  0.82999998331069946                7          37 -0.47224863725176547      -0.88146538480750924        6.1232339957367660E-017
  0.82999998331069946                7          38 -0.27200827115971660       0.96229491343387141        6.1232339957367660E-017
  0.82999998331069946                7          39  0.57207964671478828      -0.82019807230612474        6.1232339957367660E-017
  0.82999998331069946                7          40 -0.74845869159249012       0.66318141332493463        6.1232339957367660E-017
  0.82999998331069946                8           1  0.98986883773163714      -0.14198480231284583        6.1232339957367660E-017
  0.82999998331069946                8           2 -0.99516045614074011        9.8263251186565592E-002   6.1232339957367660E-017
  0.82999998331069946                8           3  0.91854839329880011       0.39530854932342768        6.1232339957367660E-017
  0.82999998331069946                8           4  -6.3906605046980883E-002 -0.99795588370998101        6.1232339957367660E-017
  0.82999998331069946                8           5  0.89766661127076774       0.44067522622636324        6.1232339957367660E-017
  0.82999998331069946                8           6 -0.15628324888189998      -0.98771227901596836        6.1232339957367660E-017
  0.82999998331069946                8           7  0.75537951788717472       0.65528755821893914        6.1232339957367660E-017
  0.82999998331069946                8           8  0.86871664055209685       0.49530939666826329        6.1232339957367660E-017
  0.82999998331069946                8           9  0.53176939633525322      -0.84688919530316387        6.1232339957367660E-017
  0.82999998331069946                8          10  0.95022062003012087       0.31157787673320558        6.1232339957367660E-017
  0.82999998331069946                8          11 -0.10500059538267584      -0.99447215897142316        6.1232339957367660E-017
  0.82999998331069946                8          12 -0.99566606713376393       -9.3000444936479548E-002   6.1232339957367660E-017
  0.82999998331069946                8          13  0.57779231040415402       0.81618383103185133        6.1232339957367660E-017
  0.82999998331069946                8          14 -0.96636771615943540       0.25716422217096413        6.1232339957367660E-017
  0.82999998331069946                8          15  0.99214203548655544       0.12511667123367112        6.1232339957367660E-017
  0.82999998331069946                8          16 -0.23797330783088597      -0.97127169461486229        6.1232339957367660E-017
  0.82999998331069946                8          17  -9.3050079496090232E-002  0.99566142975700900        6.1232339957367660E-017
  0.82999998331069946                8          18 -0.26849633286685581      -0.96328070635565544        6.1232339957367660E-017
  0.82999998331069946                8          19 -0.73146214353294758       0.68188205180821826        6.1232339957367660E-017
  0.82999998331069946                8          20 -0.60711109374614569      -0.79461696423519601        6.1232339957367660E-017
  0.82999998331069946                8          21  0.70538371670407751       0.70882565713209178        6.1232339957367660E-017
  0.82999998331069946                8          22  0.54064464151941494      -0.84125107524231035        6.1232339957367660E-017
  0.82999998331069946                8          23 -0.34289303505224700       0.93937445489679916        6.1232339957367660E-017
  0.82999998331069946                8          24  0.84459539966841435      -0.53540509043055551        6.1232339957367660E-017
  0.82999998331069946                8          25  0.84937114224292909      -0.52779604273330982        6.1232339957367660E-017
  0.82999998331069946                8          26  0.17519543648999697       0.98453367592636432        6.1232339957367660E-017
  0.82999998331069946                8          27 -0.61367628080286873      -0.78955773847132837        6.1232339957367660E-017
  0.82999998331069946                8          28  0.83766698967322240       0.54618130177790003        6.1232339957367660E-017
  0.82999998331069946                8          29 -0.43665737188730963      -0.89962788950569317        6.1232339957367660E-017
  0.82999998331069946                8          30 -0.71592058112148904       0.69818172528838751        6.1232339957367660E-017
  0.82999998331069946                8          31  0.41829091178900596      -0.90831311402771353        6.1232339957367660E-017
  0.82999998331069946                8          32 -0.45727229367213862       0.88932673941573437        6.1232339957367660E-017
  0.82999998331069946                8          33  0.20271066690558071      -0.97923867648428531        6.1232339957367660E-017
  0.82999998331069946                8          34  0.92440965728712632       0.38140108221437652        6.1232339957367660E-017
  0.82999998331069946                8          35 -0.80978335807115231      -0.58672899450343163        6.1232339957367660E-017
  0.82999998331069946                8          36 -0.59521641820399129       0.80356543946365144        6.1232339957367660E-017
  0.82999998331069946                8          37  -1.7383171136242586E-002 -0.99984890126521020        6.1232339957367660E-017
  0.82999998331069946                8          38 -0.33118541028892284       0.94356569671208257        6.1232339957367660E-017
  0.82999998331069946                8          39  0.63758066862177443      -0.77038359990319827        6.1232339957367660E-017
  0.82999998331069946                8          40 -0.82370057359640236       0.56702501272603290        6.1232339957367660E-017
  0.82999998331069946                9           1  0.87693771012176214       0.48060404967748682        6.1232339957367660E-017
  0.82999998331069946                9           2 -0.24801826089289494      -0.96875535728256179        6.1232339957367660E-017
  0.82999998331069946                9           3 -0.62541597891558998       0.78029151816295828        6.1232339957367660E-017
  0.82999998331069946                9           4 -0.75962676809622431      -0.65035926470811889        6.1232339957367660E-017
  0.82999998331069946                9           5  0.77725361222397094       0.62918743017068368        6.1232339957367660E-017
  0.82999998331069946                9           6 -0.98607169892752422       0.16632078816006760        6.1232339957367660E-017
  0.82999998331069946                9           7  0.97130828937012514       0.23782389913732638        6.1232339957367660E-017
  0.82999998331069946                9           8 -0.88313237154891744      -0.46912387950560014        6.1232339957367660E-017
  0.82999998331069946                9           9  0.55615058851229149       0.83108153805594298        6.1232339957367660E-017
  0.82999998331069946                9          10  0.57249621288084918       0.81990736442422896        6.1232339957367660E-017
  0.82999998331069946                9          11  0.86352749144508456      -0.50430176632504409        6.1232339957367660E-017
  0.82999998331069946                9          12 -0.54531622003995794       0.83823040994784492        6.1232339957367660E-017
  0.82999998331069946                9          13 -0.16369533501708267      -0.98651094129444150        6.1232339957367660E-017
  0.82999998331069946                9          14  0.14239676849025484       0.98980965863318027        6.1232339957367660E-017
  0.82999998331069946                9          15  0.28526765721618907       0.95844789307838063        6.1232339957367660E-017
  0.82999998331069946                9          16 -0.68839279334782166      -0.72533810189923387        6.1232339957367660E-017
  0.82999998331069946                9          17 -0.61282255257941720       0.79022055089072918        6.1232339957367660E-017
  0.82999998331069946                9          18   9.4811418988931306E-002 -0.99549525103302494        6.1232339957367660E-017
  0.82999998331069946                9          19 -0.11333737866908200       0.99355656034089024        6.1232339957367660E-017
  0.82999998331069946                9          20  0.45783021089467973      -0.88903964928012802        6.1232339957367660E-017
  0.82999998331069946                9          21 -0.67906374096320521       0.73407931159313911        6.1232339957367660E-017
  0.82999998331069946                9          22 -0.60048017206407922      -0.79963964568916535        6.1232339957367660E-017
  0.82999998331069946                9          23 -0.88897962016259535       0.45794675993565864        6.1232339957367660E-017
  0.82999998331069946                9          24 -0.27670197285875098      -0.96095578369458556        6.1232339957367660E-017
  0.82999998331069946                9          25  0.41652854334320882      -0.90912263891093625        6.1232339957367660E-017
  0.82999998331069946                9          26 -0.91484186888491048       0.40381227685047455        6.1232339957367660E-017
  0.82999998331069946                9          27 -0.90548857944227357      -0.42437063105216588        6.1232339957367660E-017
  0.82999998331069946                9          28 -0.56368383136620492       0.82599064053796389        6.1232339957367660E-017
  0.82999998331069946                9          29 -0.97776009272378051      -0.20972649111827540        6.1232339957367660E-017
  0.82999998331069946                9          30  0.58230210464258625      -0.81297248350040396        6.1232339957367660E-017
  0.82999998331069946                9          31 -0.58878304006254423      -0.80829111818373234        6.1232339957367660E-017
  0.82999998331069946                9          32  0.99891702705687691       -4.6527121723256168E-002   6.1232339957367660E-017
  0.82999998331069946                9          33 -0.99735293949653003       -7.2712544155949549E-002   6.1232339957367660E-017
  0.82999998331069946                9          34  0.41001674262651483       0.91207799598825012        6.1232339957367660E-017
  0.82999998331069946                9          35  0.40338500696008367      -0.91503034712506293        6.1232339957367660E-017
  0.82999998331069946                9          36  0.23104652018746408       0.97294270412458705        6.1232339957367660E-017
  0.82999998331069946                9          37  0.29556697912352847      -0.95532201945301753        6.1232339957367660E-017
  0.82999998331069946                9          38 -0.31539268246122221       0.94896125097388184        6.1232339957367660E-017
  0.82999998331069946                9          39  0.38113591421134829       0.92451901813769077        6.1232339957367660E-017
  0.82999998331069946                9          40 -0.85872636330212571      -0.51243441821359503        6.1232339957367660E-017
  0.82999998331069946               10           1  0.96924813342450722       0.24608546453033056        6.1232339957367660E-017
  0.82999998331069946               10           2 -0.63478634915754906      -0.77268770594803060        6.1232339957367660E-017
  0.82999998331069946               10           3  0.99720198390899395       -7.4754286084254204E-002   6.1232339957367660E-017
  0.82999998331069946               10           4 -0.65318498054107144      -0.75719837638201537        6.1232339957367660E-017
  0.82999998331069946               10           5  0.99990959483370556       -1.3446269352307262E-002   6.1232339957367660E-017
  0.82999998331069946               10           6 -0.96586518218473461       0.25904526601204159        6.1232339957367660E-017
  0.82999998331069946               10           7 -0.99035893149635235       0.13852504035517665        6.1232339957367660E-017
  0.82999998331069946               10           8 -0.88268087598497047       0.46997284088594427        6.1232339957367660E-017
  0.82999998331069946               10           9  0.74354910353986703      -0.66868133712932354        6.1232339957367660E-017
  0.82999998331069946               10          10  0.59293549610899743       0.80524995961128565        6.1232339957367660E-017
  0.82999998331069946               10          11 -0.52811677001530688      -0.84917175955668678        6.1232339957367660E-017
  0.82999998331069946               10          12 -0.89847570370159091       0.43902324523643499        6.1232339957367660E-017
  0.82999998331069946               10          13  0.69725723160880648      -0.71682100483260347        6.1232339957367660E-017
  0.82999998331069946               10          14 -0.30529403007346290       0.95225813475207632        6.1232339957367660E-017
  0.82999998331069946               10          15 -0.99981215371274701        1.9381880411309595E-002   6.1232339957367660E-017
  0.82999998331069946               10          16  0.83775387583065286      -0.54604802309935985        6.1232339957367660E-017
  0.82999998331069946               10          17  0.18806219347377667       0.98215712153699308        6.1232339957367660E-017
  0.82999998331069946               10          18 -0.57434562583344317       0.81861291346153975        6.1232339957367660E-017
  0.82999998331069946               10          19 -0.18720180769081224       0.98232147650211343        6.1232339957367660E-017
  0.82999998331069946               10          20 -0.83458111233593824      -0.55088507597511494        6.1232339957367660E-017
  0.82999998331069946               10          21  0.10253932897742887       0.99472895102779557        6.1232339957367660E-017
  0.82999998331069946               10          22  0.23177344328626939      -0.97276979341837422        6.1232339957367660E-017
  0.82999998331069946               10          23  0.12834439335346190       0.99172965907788191        6.1232339957367660E-017
  0.82999998331069946               10          24  0.63852557281970757       0.76960060606477199        6.1232339957367660E-017
  0.82999998331069946               10          25  0.23817958373085416       0.97122113130522292        6.1232339957367660E-017
  0.82999998331069946               10          26 -0.40694778088051675       0.91345142379681199        6.1232339957367660E-017
  0.82999998331069946               10          27  0.76990629566169733      -0.63815695240315540        6.1232339957367660E-017
  0.82999998331069946               10          28 -0.22452806230627539       0.97446762349345872        6.1232339957367660E-017
  0.82999998331069946               10          29  0.60745030522320487      -0.79435768183119826        6.1232339957367660E-017
  0.82999998331069946               10          30  0.99583362715359502       -9.1188743988030577E-002   6.1232339957367660E-017
  0.82999998331069946               10          31 -0.99982747632115798        1.8574649209723411E-002   6.1232339957367660E-017
  0.82999998331069946               10          32 -0.27969267465221892       0.96008958318788562        6.1232339957367660E-017
  0.82999998331069946               10          33 -0.26067520764726076      -0.96542655656350029        6.1232339957367660E-017
  0.82999998331069946               10          34 -0.12410030671924056       0.99226967799695986        6.1232339957367660E-017
  0.82999998331069946               10          35 -0.30535906213741043      -0.95223728301855581        6.1232339957367660E-017
  0.82999998331069946               10          36 -0.24354692972864186       0.96988911377525622        6.1232339957367660E-017
  0.82999998331069946               10          37  0.62316547404774525      -0.78209001525070554        6.1232339957367660E-017
  0.82999998331069946               10          38  0.55117585183899076       0.83438910608274541        6.1232339957367660E-017
  0.82999998331069946               10          39 -0.73908064399988260      -0.67361695470402083        6.1232339957367660E-017
  0.82999998331069946               10          40  0.24236163877597319       0.97018598013464652        6.1232339957367660E-017
  0.82999998331069946               11           1 -0.77032603127331756       0.63765022194201404        6.1232339957367660E-017
  0.82999998331069946               11           2 -0.95373900150074364       0.30063585450901320        6.1232339957367660E-017
  0.82999998331069946               11           3  0.49096010051096400       0.87118205887533295        6.1232339957367660E-017
  0.82999998331069946               11           4   8.2775447946759520E-002  0.99656822406557455        6.1232339957367660E-017
  0.82999998331069946               11           5  0.20120836867655245      -0.97954846351496083        6.1232339957367660E-017
  0.82999998331069946               11           6 -0.11802152999062866      -0.99301103642339805        6.1232339957367660E-017
  0.82999998331069946               11           7  0.99669913883058259        8.1183906375432699E-002   6.1232339957367660E-017
  0.82999998331069946               11           8  0.81294299923583424      -0.58234326646184076        6.1232339957367660E-017
  0.82999998331069946               11           9 -0.72781286018502300       0.68577579466564453        6.1232339957367660E-017
  0.82999998331069946               11          10  -8.5374188143708896E-002  0.99634895894902331        6.1232339957367660E-017
  0.82999998331069946               11          11  0.19684413526340985      -0.98043479457452976        6.1232339957367660E-017
  0.82999998331069946               11          12 -0.18448151165384655       0.98283598420993501        6.1232339957367660E-017
  0.82999998331069946               11          13  0.59608014115974817      -0.80292494376185297        6.1232339957367660E-017
  0.82999998331069946               11          14  0.46255781109204619       0.88658912208403218        6.1232339957367660E-017
  0.82999998331069946               11          15 -0.40189148172183087      -0.91568730302403523        6.1232339957367660E-017
  0.82999998331069946               11          16  0.21510009636927988       0.97659200720768058        6.1232339957367660E-017
  0.82999998331069946               11          17 -0.15278886533793601       0.98825885406038538        6.1232339957367660E-017
  0.82999998331069946               11          18  0.85815905578037266       0.51338390604121908        6.1232339957367660E-017
  0.82999998331069946               11          19  0.93383711945146874      -0.35769852436735505        6.1232339957367660E-017
  0.82999998331069946               11          20 -0.88181809943106437       0.47158969403050516        6.1232339957367660E-017
  0.82999998331069946               11          21  0.99556602299786567        9.4065370100867463E-002   6.1232339957367660E-017
  0.82999998331069946               11          22 -0.16433868981148017      -0.98640397152031278        6.1232339957367660E-017
  0.82999998331069946               11          23  0.99967086224345558        2.5654769175070369E-002   6.1232339957367660E-017
  0.82999998331069946               11          24  0.20171157873675041      -0.97944496476500797        6.1232339957367660E-017
  0.82999998331069946               11          25 -0.55536392587599237      -0.83160742531293286        6.1232339957367660E-017
  0.82999998331069946               11          26 -0.28985392746987104       0.95707089639706977        6.1232339957367660E-017
  0.82999998331069946               11          27  0.74007710068157018      -0.67252203313107972        6.1232339957367660E-017
  0.82999998331069946               11          28  0.14399264704901105       0.98957875765187020        6.1232339957367660E-017
  0.82999998331069946               11          29  0.61614639545540828      -0.78763165208573716        6.1232339957367660E-017
  0.82999998331069946               11          30  -2.7577957287649731E-002  0.99961965580506695        6.1232339957367660E-017
  0.82999998331069946               11          31 -0.23211740140019635      -0.97268777722721489        6.1232339957367660E-017
  0.82999998331069946               11          32 -0.98866916017721029       0.15011093136240874        6.1232339957367660E-017
  0.82999998331069946               11          33 -0.10017699416166520      -0.99496963262239002        6.1232339957367660E-017
  0.82999998331069946               11          34 -0.16620186974477758       0.98609174953111745        6.1232339957367660E-017
  0.82999998331069946               11          35 -0.96424653121118609      -0.26500684339691122        6.1232339957367660E-017
  0.82999998331069946               11          36  0.85795719126755465       0.51372118698014457        6.1232339957367660E-017
  0.82999998331069946               11          37 -0.93970246812343095       0.34199308677622753        6.1232339957367660E-017
  0.82999998331069946               11          38  0.92898867726831591      -0.37010814298967365        6.1232339957367660E-017
  0.82999998331069946               11          39 -0.68829289654441583      -0.72543289735612215        6.1232339957367660E-017
  0.82999998331069946               11          40  0.51365300481438891       0.85799801319417368        6.1232339957367660E-017
  0.82999998331069946               12           1  0.71407570500453776       0.70006848773693020        6.1232339957367660E-017
  0.82999998331069946               12           2  0.94532776577845024      -0.32612177978222129        6.1232339957367660E-017
  0.82999998331069946               12           3 -0.91579435607536175       0.40164747899185604        6.1232339957367660E-017
  0.82999998331069946               12           4   7.2768869589806925E-002  0.99734883146200237        6.1232339957367660E-017
  0.82999998331069946               12           5  0.93855335453570765      -0.34513417780592276        6.1232339957367660E-017
  0.82999998331069946               12           6  0.66583518170954081       0.74609886127632086        6.1232339957367660E-017
  0.82999998331069946               12           7  0.84249012255766575      -0.53871179065690533        6.1232339957367660E-017
  0.82999998331069946               12           8 -0.43904804085117238      -0.89846358736720500        6.1232339957367660E-017
  0.82999998331069946               12           9  0.73423907569956537       0.67889099251341367        6.1232339957367660E-017
  0.82999998331069946               12          10 -0.87476471751832130       0.48454792227920201        6.1232339957367660E-017
  0.82999998331069946               12          11  0.43945933829784384      -0.89826248390034702        6.1232339957367660E-017
  0.82999998331069946               12          12 -0.34023398449883951       0.94034080832007039        6.1232339957367660E-017
  0.82999998331069946               12          13  0.39023309956635088      -0.92071609522308151        6.1232339957367660E-017
  0.82999998331069946               12          14  -9.5441938771284290E-002  0.99543499854263640        6.1232339957367660E-017
  0.82999998331069946               12          15 -0.54308472602531865      -0.83967790274485876        6.1232339957367660E-017
  0.82999998331069946               12          16  0.82333134864949920       0.56756100141834698        6.1232339957367660E-017
  0.82999998331069946               12          17 -0.10790180621423924      -0.99416155639599380        6.1232339957367660E-017
  0.82999998331069946               12          18 -0.88591265544518594      -0.46385209595522936        6.1232339957367660E-017
  0.82999998331069946               12          19  0.36097609095448302      -0.93257507030759768        6.1232339957367660E-017
  0.82999998331069946               12          20 -0.97837702695907136      -0.20682938166210477        6.1232339957367660E-017
  0.82999998331069946               12          21  0.83990487465775665       0.54273363773230243        6.1232339957367660E-017
  0.82999998331069946               12          22 -0.95354990080417179      -0.30123510199901016        6.1232339957367660E-017
  0.82999998331069946               12          23  0.92164233471711154       0.38804047064345187        6.1232339957367660E-017
  0.82999998331069946               12          24 -0.23947025403637914      -0.97090370142035820        6.1232339957367660E-017
  0.82999998331069946               12          25 -0.46028525853032976      -0.88777107453423343        6.1232339957367660E-017
  0.82999998331069946               12          26  0.99577096554010125        9.1870475057737738E-002   6.1232339957367660E-017
  0.82999998331069946               12          27  0.47993914719974795      -0.87730178102245904        6.1232339957367660E-017
  0.82999998331069946               12          28  0.68629407428522815       0.72732416679289691        6.1232339957367660E-017
  0.82999998331069946               12          29  0.70317822964923549      -0.71101362669597767        6.1232339957367660E-017
  0.82999998331069946               12          30 -0.94101509908040570      -0.33836457158321731        6.1232339957367660E-017
  0.82999998331069946               12          31  0.62168225334098437      -0.78326954229107881        6.1232339957367660E-017
  0.82999998331069946               12          32 -0.95788219024104226       0.28716146959336974        6.1232339957367660E-017
  0.82999998331069946               12          33 -0.11283126059442417      -0.99361416386476353        6.1232339957367660E-017
  0.82999998331069946               12          34  0.53170262898075249       0.84693111546037569        6.1232339957367660E-017
  0.82999998331069946               12          35 -0.76119101177804704      -0.64852775082359670        6.1232339957367660E-017
  0.82999998331069946               12          36  0.93823214876484040      -0.34600640893502299        6.1232339957367660E-017
  0.82999998331069946               12          37 -0.96814589257687456      -0.25038676220305051        6.1232339957367660E-017
  0.82999998331069946               12          38  0.13812972851210786       0.99041414474005340        6.1232339957367660E-017
  0.82999998331069946               12          39 -0.61514431957322580      -0.78841452681745594        6.1232339957367660E-017
  0.82999998331069946               12          40 -0.98605787683259360       0.16640271493097006        6.1232339957367660E-017
  0.82999998331069946               13           1  0.56220229501552654      -0.82699974575526614        6.1232339957367660E-017
  0.82999998331069946               13           2  0.88667730359220087      -0.46238875342558233        6.1232339957367660E-017
  0.82999998331069946               13           3 -0.63525503782188486      -0.77230242581641273        6.1232339957367660E-017
  0.82999998331069946               13           4  0.99579231908917465        9.1638732220625227E-002   6.1232339957367660E-017
  0.82999998331069946               13           5 -0.95261834327536610       0.30416819698202618        6.1232339957367660E-017
  0.82999998331069946               13           6 -0.77617391195340946       0.63051888029062308        6.1232339957367660E-017
  0.82999998331069946               13           7  0.96427127790630562      -0.26491678430205279        6.1232339957367660E-017
  0.82999998331069946               13           8 -0.99750750317100734       -7.0560478439016291E-002   6.1232339957367660E-017
  0.82999998331069946               13           9  0.53042568434038095      -0.84773143942644857        6.1232339957367660E-017
  0.82999998331069946               13          10 -0.30704361096778826       0.95169544548866136        6.1232339957367660E-017
  0.82999998331069946               13          11  0.40101530676751601      -0.91607135297320319        6.1232339957367660E-017
  0.82999998331069946               13          12 -0.95269582512997808       0.30392542634651398        6.1232339957367660E-017
  0.82999998331069946               13          13  0.99892800607000054        4.6290805663899356E-002   6.1232339957367660E-017
  0.82999998331069946               13          14 -0.96580666288322770       0.25926336017718238        6.1232339957367660E-017
  0.82999998331069946               13          15  0.82126697773165769      -0.57054408356191799        6.1232339957367660E-017
  0.82999998331069946               13          16  0.47175118307051350       0.88173171728795763        6.1232339957367660E-017
  0.82999998331069946               13          17 -0.23573542323456440      -0.97181727203853541        6.1232339957367660E-017
  0.82999998331069946               13          18  -6.0473988547733004E-002  0.99816977349002545        6.1232339957367660E-017
  0.82999998331069946               13          19  0.18716169967154164       0.98232911907163767        6.1232339957367660E-017
  0.82999998331069946               13          20 -0.99679080753368943        8.0050521649364104E-002   6.1232339957367660E-017
  0.82999998331069946               13          21  0.19941980354646147       0.97991415029761186        6.1232339957367660E-017
  0.82999998331069946               13          22 -0.16279684261378238      -0.98665961102853672        6.1232339957367660E-017
  0.82999998331069946               13          23  0.42573133195267404       0.90484961899411886        6.1232339957367660E-017
  0.82999998331069946               13          24  0.91552889061045184       0.40225222243959735        6.1232339957367660E-017
  0.82999998331069946               13          25  0.62654357166532426      -0.77938639506015162        6.1232339957367660E-017
  0.82999998331069946               13          26 -0.69607146627937222       0.71797250214174968        6.1232339957367660E-017
  0.82999998331069946               13          27 -0.89263708407370979       0.45077603766880142        6.1232339957367660E-017
  0.82999998331069946               13          28 -0.67443027393768662       0.73833854402728905        6.1232339957367660E-017
  0.82999998331069946               13          29  0.76777992180845545      -0.64071365809369318        6.1232339957367660E-017
  0.82999998331069946               13          30 -0.98775125705258504      -0.15603670783196541        6.1232339957367660E-017
  0.82999998331069946               13          31  0.22086607608451819      -0.97530414560537360        6.1232339957367660E-017
  0.82999998331069946               13          32 -0.67136370941607237       0.74112803865397747        6.1232339957367660E-017
  0.82999998331069946               13          33  -2.8878364408919114E-002 -0.99958293306211754        6.1232339957367660E-017
  0.82999998331069946               13          34 -0.92896356898633281       0.37017115973043457        6.1232339957367660E-017
  0.82999998331069946               13          35 -0.50878436662539439      -0.86089399363545116        6.1232339957367660E-017
  0.82999998331069946               13          36  0.97353670471548492      -0.22853070815913254        6.1232339957367660E-017
  0.82999998331069946               13          37 -0.63697644925317154      -0.77088326165303511        6.1232339957367660E-017
  0.82999998331069946               13          38  0.88763769934362735      -0.46054241357767717        6.1232339957367660E-017
  0.82999998331069946               13          39  0.97061157045488100      -0.24065157240107446        6.1232339957367660E-017
  0.82999998331069946               13          40 -0.30837093446792407       0.95126619133414980        6.1232339957367660E-017
  0.82999998331069946               14           1 -0.92951728429313019      -0.36877854899698859        6.1232339957367660E-017
  0.82999998331069946               14           2   9.6102541293480920E-002  0.99537143898995550        6.1232339957367660E-017
  0.82999998331069946               14           3 -0.70704715848755861      -0.70716639885862020        6.1232339957367660E-017
  0.82999998331069946               14           4 -0.93920050568637359       0.34336920380031194        6.1232339957367660E-017
  0.82999998331069946               14           5 -0.28289069141830320      -0.95915215513956609        6.1232339957367660E-017
  0.82999998331069946               14           6 -0.93347058913345549       0.35865395470124045        6.1232339957367660E-017
  0.82999998331069946               14           7  0.99017557285620728      -0.13982966394467883        6.1232339957367660E-017
  0.82999998331069946               14           8 -0.76888493483872256       0.63938717298523695        6.1232339957367660E-017
  0.82999998331069946               14           9  0.36242772478396379      -0.93201187991780421        6.1232339957367660E-017
  0.82999998331069946               14          10 -0.84591768154468927       0.53331348759435826        6.1232339957367660E-017
  0.82999998331069946               14          11 -0.61243754595960165      -0.79051897655842573        6.1232339957367660E-017
  0.82999998331069946               14          12 -0.24877664619174797       0.96856088105476668        6.1232339957367660E-017
  0.82999998331069946               14          13  0.92677671345760038      -0.37561273060524569        6.1232339957367660E-017
  0.82999998331069946               14          14 -0.86928338341123856       0.49431406951968265        6.1232339957367660E-017
  0.82999998331069946               14          15  0.93048663255604747       0.36632584761999409        6.1232339957367660E-017
  0.82999998331069946               14          16  0.10996583494162696       0.99393536769026936        6.1232339957367660E-017
  0.82999998331069946               14          17  -6.8445745781860773E-002 -0.99765484005459770        6.1232339957367660E-017
  0.82999998331069946               14          18  0.54326588264567710       0.83956070700885799        6.1232339957367660E-017
  0.82999998331069946               14          19   3.8280379542174281E-002 -0.99926703765415337        6.1232339957367660E-017
  0.82999998331069946               14          20   1.4763288869642916E-002 -0.99989101671219727        6.1232339957367660E-017
  0.82999998331069946               14          21  0.14381623424011436       0.98960441125178522        6.1232339957367660E-017
  0.82999998331069946               14          22 -0.30139466891803346      -0.95349947747641106        6.1232339957367660E-017
  0.82999998331069946               14          23 -0.14429578137536928       0.98953460145528593        6.1232339957367660E-017
  0.82999998331069946               14          24 -0.73658639009534765       0.67634347038047493        6.1232339957367660E-017
  0.82999998331069946               14          25  0.97151121854413247      -0.23699357004546534        6.1232339957367660E-017
  0.82999998331069946               14          26  0.60743400502112277       0.79437014643300807        6.1232339957367660E-017
  0.82999998331069946               14          27 -0.99531220222047856       -9.6714115365964803E-002   6.1232339957367660E-017
  0.82999998331069946               14          28  0.88724050465470317       0.46130715028066449        6.1232339957367660E-017
  0.82999998331069946               14          29 -0.26182948088280106      -0.96511415021262792        6.1232339957367660E-017
  0.82999998331069946               14          30 -0.55083482388867766       0.83461428024658768        6.1232339957367660E-017
  0.82999998331069946               14          31 -0.74543014918471562      -0.66658374769150541        6.1232339957367660E-017
  0.82999998331069946               14          32  0.69076474144772626       0.72307957513171117        6.1232339957367660E-017
  0.82999998331069946               14          33  0.24166720333313987      -0.97035919268750104        6.1232339957367660E-017
  0.82999998331069946               14          34  0.85367313221988195       0.52080916209864803        6.1232339957367660E-017
  0.82999998331069946               14          35 -0.31897104702582274      -0.94776445974685630        6.1232339957367660E-017
  0.82999998331069946               14          36  0.73418435160980011       0.67895017332002894        6.1232339957367660E-017
  0.82999998331069946               14          37 -0.98806172681439219      -0.15405850838094376        6.1232339957367660E-017
  0.82999998331069946               14          38 -0.95880682312820686       0.28405893036973062        6.1232339957367660E-017
  0.82999998331069946               14          39  0.76866108285704904      -0.63965626683479682        6.1232339957367660E-017
  0.82999998331069946               14          40  0.32330531500168652       0.94629470742029420        6.1232339957367660E-017
  0.82999998331069946               15           1   8.6147241177842351E-002 -0.99628241620408353        6.1232339957367660E-017
  0.82999998331069946               15           2 -0.17595205313145593       0.98439873780842757        6.1232339957367660E-017
  0.82999998331069946               15           3  -4.0730881725714450E-002 -0.99917015331416192        6.1232339957367660E-017
  0.82999998331069946               15           4 -0.92878864179550058       0.37060984724055734        6.1232339957367660E-017
  0.82999998331069946               15           5  0.93294098577130702       0.36002932806656446        6.1232339957367660E-017
  0.82999998331069946               15           6 -0.79182626417907753       0.61074640183647888        6.1232339957367660E-017
  0.82999998331069946               15           7 -0.81321170999335202       0.58196796709929688        6.1232339957367660E-017
  0.82999998331069946               15           8 -0.45372965103764490       0.89113938515209667        6.1232339957367660E-017
  0.82999998331069946               15           9  0.69739635287065993      -0.71668565424647790        6.1232339957367660E-017
  0.82999998331069946               15          10  0.71829543070754653       0.69573822248361494        6.1232339957367660E-017
  0.82999998331069946               15          11 -0.94579982162911358       0.32475020770791946        6.1232339957367660E-017
  0.82999998331069946               15          12  0.95217085506932375       0.30556613483262962        6.1232339957367660E-017
  0.82999998331069946               15          13 -0.94423312579746144       0.32927770065213263        6.1232339957367660E-017
  0.82999998331069946               15          14 -0.80825364114809928      -0.58883448571804919        6.1232339957367660E-017
  0.82999998331069946               15          15  0.53980783108689345      -0.84178827830830716        6.1232339957367660E-017
  0.82999998331069946               15          16 -0.48848099811073081       0.87257453233792259        6.1232339957367660E-017
  0.82999998331069946               15          17  0.39368344216063422      -0.91924607552523963        6.1232339957367660E-017
  0.82999998331069946               15          18 -0.61485438143243132       0.78864065938381733        6.1232339957367660E-017
  0.82999998331069946               15          19  0.99910500550243553        4.2298794072388984E-002   6.1232339957367660E-017
  0.82999998331069946               15          20 -0.99799769459433874       -6.3250308966715116E-002   6.1232339957367660E-017
  0.82999998331069946               15          21  0.96344115555305976       0.26792002498242817        6.1232339957367660E-017
  0.82999998331069946               15          22 -0.80485174763876466      -0.59347591722227977        6.1232339957367660E-017
  0.82999998331069946               15          23  0.12403679252139393       0.99227761946997706        6.1232339957367660E-017
  0.82999998331069946               15          24 -0.42248228455181636      -0.90637118182336207        6.1232339957367660E-017
  0.82999998331069946               15          25  0.29699280321455779      -0.95487971747166089        6.1232339957367660E-017
  0.82999998331069946               15          26 -0.48918139012260642       0.87218207248126489        6.1232339957367660E-017
  0.82999998331069946               15          27  0.65433877551880604      -0.75620153851506389        6.1232339957367660E-017
  0.82999998331069946               15          28  0.99477301789923456       0.10211093408469564        6.1232339957367660E-017
  0.82999998331069946               15          29 -0.83386099374375933       0.55197449498384454        6.1232339957367660E-017
  0.82999998331069946               15          30  0.59601322534084866       0.80297461679607207        6.1232339957367660E-017
  0.82999998331069946               15          31 -0.99544800963164837       -9.5306138943877794E-002   6.1232339957367660E-017
  0.82999998331069946               15          32 -0.94871432375047371       0.31613467369252818        6.1232339957367660E-017
  0.82999998331069946               15          33  0.81417076694799284      -0.58062549224721183        6.1232339957367660E-017
  0.82999998331069946               15          34  0.39988455831133041       0.91656551321995106        6.1232339957367660E-017
  0.82999998331069946               15          35 -0.48664710828127483       0.87359864468843651        6.1232339957367660E-017
  0.82999998331069946               15          36  0.97642190350459857       0.21587094838457643        6.1232339957367660E-017
  0.82999998331069946               15          37 -0.48937548549606708      -0.87207318167427250        6.1232339957367660E-017
  0.82999998331069946               15          38 -0.75353714913448511       0.65740532768929760        6.1232339957367660E-017
  0.82999998331069946               15          39 -0.91180696035474873      -0.41061912650123061        6.1232339957367660E-017
  0.82999998331069946               15          40 -0.94872940377269432       0.31608941522472389        6.1232339957367660E-017
  0.82999998331069946               16           1 -0.36527784637551469      -0.93089854170433950        6.1232339957367660E-017
  0.82999998331069946               16           2   5.3366779117558407E-003  0.99998575983304194        6.1232339957367660E-017
  0.82999998331069946               16           3  0.35071438135743405      -0.93648247325247491        6.1232339957367660E-017
  0.82999998331069946               16           4   3.3627318473413353E-002 -0.99943444179810392        6.1232339957367660E-017
  0.82999998331069946               16           5 -0.43474574296713536       0.90055324049828034        6.1232339957367660E-017
  0.82999998331069946               16           6  0.59150139112345956       0.80630397760336769        6.1232339957367660E-017
  0.82999998331069946               16           7 -0.47590946018415226       0.87949427838231486        6.1232339957367660E-017
  0.82999998331069946               16           8 -0.90050222909001665       0.43485139462109479        6.1232339957367660E-017
  0.82999998331069946               16           9  0.28610225416811419      -0.95819909213060928        6.1232339957367660E-017
  0.82999998331069946               16          10  0.48596593367318186       0.87397775218202933        6.1232339957367660E-017
  0.82999998331069946               16          11 -0.93021668077942599       0.36701079929575292        6.1232339957367660E-017
  0.82999998331069946               16          12  0.47423762240937484       0.88039688634814195        6.1232339957367660E-017
  0.82999998331069946               16          13 -0.68178011841779129      -0.73155715438386804        6.1232339957367660E-017
  0.82999998331069946               16          14  0.74879399212222930       0.66280280428016813        6.1232339957367660E-017
  0.82999998331069946               16          15 -0.92163740237678260      -0.38805218533101521        6.1232339957367660E-017
  0.82999998331069946               16          16 -0.54964929006789898       0.83539550988011346        6.1232339957367660E-017
  0.82999998331069946               16          17  0.83861197240771646      -0.54472925360626590        6.1232339957367660E-017
  0.82999998331069946               16          18 -0.12526130089882812       0.99212378587408800        6.1232339957367660E-017
  0.82999998331069946               16          19 -0.46817306030760275      -0.88363679507035797        6.1232339957367660E-017
  0.82999998331069946               16          20 -0.85051054105307922       0.52595800170507767        6.1232339957367660E-017
  0.82999998331069946               16          21 -0.86436807603005528      -0.50285965153320911        6.1232339957367660E-017
  0.82999998331069946               16          22   5.5318818937699160E-002 -0.99846874175976985        6.1232339957367660E-017
  0.82999998331069946               16          23  0.68146000574382526       0.73185535495180032        6.1232339957367660E-017
  0.82999998331069946               16          24 -0.69799567926893524      -0.71610197019830746        6.1232339957367660E-017
  0.82999998331069946               16          25  0.69333954666270314       0.72061104143189292        6.1232339957367660E-017
  0.82999998331069946               16          26 -0.97888897569903255      -0.20439269374148109        6.1232339957367660E-017
  0.82999998331069946               16          27  0.14331818589714154      -0.98967666315375569        6.1232339957367660E-017
  0.82999998331069946               16          28 -0.99991939740241331        1.2696404939770606E-002   6.1232339957367660E-017
  0.82999998331069946               16          29 -0.86607776035850093       0.49990930478678136        6.1232339957367660E-017
  0.82999998331069946               16          30  0.95708625036719253      -0.28980322523751822        6.1232339957367660E-017
  0.82999998331069946               16          31 -0.95487950491300333       0.29699348662402975        6.1232339957367660E-017
  0.82999998331069946               16          32 -0.96460531119710380       0.26369792113389601        6.1232339957367660E-017
  0.82999998331069946               16          33 -0.99245124513835625      -0.12263982233893769        6.1232339957367660E-017
  0.82999998331069946               16          34 -0.99181936625221112       0.12764930366853638        6.1232339957367660E-017
  0.82999998331069946               16          35  0.69930602172639444      -0.71482241709196803        6.1232339957367660E-017
  0.82999998331069946               16          36  0.90641726647241505      -0.42238340289442583        6.1232339957367660E-017
  0.82999998331069946               16          37 -0.90960613537647717      -0.41547163379161034        6.1232339957367660E-017
  0.82999998331069946               16          38 -0.59839088026813647       0.80120431502328093        6.1232339957367660E-017
  0.82999998331069946               16          39  0.71147866638626167      -0.70270769689624624        6.1232339957367660E-017
  0.82999998331069946               16          40  -2.6772043018978963E-002  0.99964156461833353        6.1232339957367660E-017
  0.82999998331069946               17           1  0.38204284201855404      -0.92414461360892330        6.1232339957367660E-017
  0.82999998331069946               17           2  0.15196914359336372       0.98838523835369962        6.1232339957367660E-017
  0.82999998331069946               17           3 -0.88261185289131860       0.47010245387123151        6.1232339957367660E-017
  0.82999998331069946               17           4  0.20595298840567511       0.97856188693754664        6.1232339957367660E-017
  0.82999998331069946               17           5  -3.4692486615381227E-002 -0.99939803450499221        6.1232339957367660E-017
  0.82999998331069946               17           6  0.80088466933946600       0.59881862564303578        6.1232339957367660E-017
  0.82999998331069946               17           7  0.70350640298796885      -0.71068891996071637        6.1232339957367660E-017
  0.82999998331069946               17           8 -0.92616627504540350      -0.37711540802322319        6.1232339957367660E-017
  0.82999998331069946               17           9  0.83264160788658825      -0.55381219995232767        6.1232339957367660E-017
  0.82999998331069946               17          10 -0.14966455606722701       0.98873683083882324        6.1232339957367660E-017
  0.82999998331069946               17          11  0.37084512397791847      -0.92869472595778335        6.1232339957367660E-017
  0.82999998331069946               17          12 -0.18365712367654774       0.98299036664804462        6.1232339957367660E-017
  0.82999998331069946               17          13  0.99213746034877037      -0.12515294552143846        6.1232339957367660E-017
  0.82999998331069946               17          14 -0.98900005141011427       0.14791517268621016        6.1232339957367660E-017
  0.82999998331069946               17          15 -0.71749013207622836      -0.69656866881394863        6.1232339957367660E-017
  0.82999998331069946               17          16  0.75466999112115862       0.65610456826727725        6.1232339957367660E-017
  0.82999998331069946               17          17  0.83494981478928532      -0.55032609131617427        6.1232339957367660E-017
  0.82999998331069946               17          18 -0.91369183337078341       0.40640771846944118        6.1232339957367660E-017
  0.82999998331069946               17          19  0.95257020662181402      -0.30431891406298522        6.1232339957367660E-017
  0.82999998331069946               17          20 -0.10810897762495753      -0.99413904910575079        6.1232339957367660E-017
  0.82999998331069946               17          21 -0.33939798251279102       0.94064287031064409        6.1232339957367660E-017
  0.82999998331069946               17          22 -0.39632708604533790      -0.91810938393353292        6.1232339957367660E-017
  0.82999998331069946               17          23  0.26980278299205757       0.96291560289037825        6.1232339957367660E-017
  0.82999998331069946               17          24 -0.50005636087934036      -0.86599286137017950        6.1232339957367660E-017
  0.82999998331069946               17          25  0.21898794923326181       0.97572756345744904        6.1232339957367660E-017
  0.82999998331069946               17          26 -0.41062366911907083      -0.91180491463864788        6.1232339957367660E-017
  0.82999998331069946               17          27  0.41075773194564119       0.91174452871781619        6.1232339957367660E-017
  0.82999998331069946               17          28 -0.90381764650317731      -0.42791782139735379        6.1232339957367660E-017
  0.82999998331069946               17          29   2.9744588976187116E-002  0.99955753182427554        6.1232339957367660E-017
  0.82999998331069946               17          30  -8.4848235276044653E-002 -0.99639388645783100        6.1232339957367660E-017
  0.82999998331069946               17          31  0.64389248816495792       0.76511598054460961        6.1232339957367660E-017
  0.82999998331069946               17          32 -0.11175082220000887      -0.99373625964720735        6.1232339957367660E-017
  0.82999998331069946               17          33  0.58780238398100304      -0.80900454719751080        6.1232339957367660E-017
  0.82999998331069946               17          34  0.90729975180993727      -0.42048443534288671        6.1232339957367660E-017
  0.82999998331069946               17          35  0.14125360009854937      -0.98997344432019951        6.1232339957367660E-017
  0.82999998331069946               17          36  0.87920773282948683       0.47643862409845994        6.1232339957367660E-017
  0.82999998331069946               17          37 -0.96259010324491689      -0.27096179275857385        6.1232339957367660E-017
  0.82999998331069946               17          38 -0.85240033808023274       0.52288972416820823        6.1232339957367660E-017
  0.82999998331069946               17          39  0.58940766754112150       0.80783575152609755        6.1232339957367660E-017
  0.82999998331069946               17          40 -0.69169569809658504       0.72218907582064540        6.1232339957367660E-017
  0.82999998331069946               18           1 -0.58215417263671343      -0.81307842136024222        6.1232339957367660E-017
  0.82999998331069946               18           2  0.48993428170555320      -0.87175937024483063        6.1232339957367660E-017
  0.82999998331069946               18           3 -0.83774907904648499       0.54605538231645168        6.1232339957367660E-017
  0.82999998331069946               18           4 -0.38111716621532926       0.92452674683645419        6.1232339957367660E-017
  0.82999998331069946               18           5 -0.46818631724173454      -0.88362977108493912        6.1232339957367660E-017
  0.82999998331069946               18           6 -0.86301040425996656      -0.50518614602842105        6.1232339957367660E-017
  0.82999998331069946               18           7  0.99949605685542076       -3.1743224953768211E-002   6.1232339957367660E-017
  0.82999998331069946               18           8 -0.61820672114831465      -0.78601555323482619        6.1232339957367660E-017
  0.82999998331069946               18           9  0.50582710098881956       0.86263488447039194        6.1232339957367660E-017
  0.82999998331069946               18          10  0.99112758960088343       0.13291388615168412        6.1232339957367660E-017
  0.82999998331069946               18          11 -0.77754758498817178      -0.62882410344949546        6.1232339957367660E-017
  0.82999998331069946               18          12   8.3550643185033094E-002  0.99650353236873535        6.1232339957367660E-017
  0.82999998331069946               18          13  0.36931219772811891      -0.92930538608641822        6.1232339957367660E-017
  0.82999998331069946               18          14  0.95357362028236403       0.30116000846989249        6.1232339957367660E-017
  0.82999998331069946               18          15 -0.14822816521917445      -0.98895318950684274        6.1232339957367660E-017
  0.82999998331069946               18          16 -0.42864472129452830       0.90347313347234415        6.1232339957367660E-017
  0.82999998331069946               18          17  0.99999982803278820        5.8645920073971446E-004   6.1232339957367660E-017
  0.82999998331069946               18          18 -0.65924052951591960       0.75193212741813997        6.1232339957367660E-017
  0.82999998331069946               18          19  0.56096140598497191       0.82784195411646266        6.1232339957367660E-017
  0.82999998331069946               18          20  0.64982411528361161      -0.76008461318189535        6.1232339957367660E-017
  0.82999998331069946               18          21 -0.39146230689348915       0.92019414379881148        6.1232339957367660E-017
  0.82999998331069946               18          22 -0.12042122962343890      -0.99272288553048826        6.1232339957367660E-017
  0.82999998331069946               18          23 -0.28120806711701402       0.95964682200709284        6.1232339957367660E-017
  0.82999998331069946               18          24   8.6852341011183165E-002 -0.99622119574965740        6.1232339957367660E-017
  0.82999998331069946               18          25  0.65212502007771234       0.75811144180037493        6.1232339957367660E-017
  0.82999998331069946               18          26 -0.39560642019734715      -0.91842014366990010        6.1232339957367660E-017
  0.82999998331069946               18          27  0.90348337346284224       0.42862313735518570        6.1232339957367660E-017
  0.82999998331069946               18          28 -0.63383613789168136      -0.77346735567996505        6.1232339957367660E-017
  0.82999998331069946               18          29  -5.2680534159301601E-002  0.99861141657838592        6.1232339957367660E-017
  0.82999998331069946               18          30  0.99832055170545597        5.7931649747906343E-002   6.1232339957367660E-017
  0.82999998331069946               18          31  0.93034330180876457      -0.36668970639979237        6.1232339957367660E-017
  0.82999998331069946               18          32 -0.89078375600929172       0.45442744198604318        6.1232339957367660E-017
  0.82999998331069946               18          33  0.64567703396379306       0.76361061268929387        6.1232339957367660E-017
  0.82999998331069946               18          34 -0.99533111363320104        9.6519294618702595E-002   6.1232339957367660E-017
  0.82999998331069946               18          35  0.31851471150794192       0.94791791762420685        6.1232339957367660E-017
  0.82999998331069946               18          36 -0.56991455676619951       0.82170396006468549        6.1232339957367660E-017
  0.82999998331069946               18          37  0.98027401908407286       0.19764323289391586        6.1232339957367660E-017
  0.82999998331069946               18          38 -0.26205188980734040       0.96505378453659330        6.1232339957367660E-017
  0.82999998331069946               18          39  0.40032539127301203      -0.91637305782203671        6.1232339957367660E-017
  0.82999998331069946               18          40  0.98395559501127916      -0.17841352820343953        6.1232339957367660E-017
  0.82999998331069946               19           1 -0.36405366507541620       0.93137797319088278        6.1232339957367660E-017
  0.82999998331069946               19           2  0.41424067987627033      -0.91016737973608197        6.1232339957367660E-017
  0.82999998331069946               19           3 -0.81597721005467438       0.57808407059128497        6.1232339957367660E-017
  0.82999998331069946               19           4  0.91162324903811376       0.41102682614787234        6.1232339957367660E-017
  0.82999998331069946               19           5  0.31219734891284817      -0.95001727107026290        6.1232339957367660E-017
  0.82999998331069946               19           6 -0.38128834820565960       0.92445616203398184        6.1232339957367660E-017
  0.82999998331069946               19           7 -0.47319891004530390       0.88095561269109146        6.1232339957367660E-017
  0.82999998331069946               19           8  0.96143308758458490       0.27503893923874101        6.1232339957367660E-017
  0.82999998331069946               19           9 -0.94864212353685595       0.31635126276258874        6.1232339957367660E-017
  0.82999998331069946               19          10 -0.57746916150450367      -0.81641249838012986        6.1232339957367660E-017
  0.82999998331069946               19          11  0.69103234235987698      -0.72282383871357048        6.1232339957367660E-017
  0.82999998331069946               19          12  0.95992522028138239       0.28025626035423290        6.1232339957367660E-017
  0.82999998331069946               19          13 -0.63175866154830751       0.77516513954040211        6.1232339957367660E-017
  0.82999998331069946               19          14  0.41196831330288736      -0.91119817209780118        6.1232339957367660E-017
  0.82999998331069946               19          15 -0.21243672224957477       0.97717482521801446        6.1232339957367660E-017
  0.82999998331069946               19          16  0.54244890775667209       0.84008879439830253        6.1232339957367660E-017
  0.82999998331069946               19          17 -0.22433770684514961      -0.97451146390766474        6.1232339957367660E-017
  0.82999998331069946               19          18 -0.73852848754353650      -0.67422227276073909        6.1232339957367660E-017
  0.82999998331069946               19          19 -0.55228942151008720       0.83365244250110204        6.1232339957367660E-017
  0.82999998331069946               19          20 -0.47204846707562065      -0.88157259753894157        6.1232339957367660E-017
  0.82999998331069946               19          21  0.94218811722594542       0.33508439497868026        6.1232339957367660E-017
  0.82999998331069946               19          22  0.94882992429089341      -0.31578754688894484        6.1232339957367660E-017
  0.82999998331069946               19          23   5.1046583282539491E-002  0.99869627331595601        6.1232339957367660E-017
  0.82999998331069946               19          24 -0.99695646255284598       -7.7960321793305254E-002   6.1232339957367660E-017
  0.82999998331069946               19          25  0.99888329362591355       -4.7245801030852748E-002   6.1232339957367660E-017
  0.82999998331069946               19          26  0.70812849443794734      -0.70608358950272032        6.1232339957367660E-017
  0.82999998331069946               19          27 -0.33012994317264260       0.94393549600638904        6.1232339957367660E-017
  0.82999998331069946               19          28  0.82750740988777893      -0.56145479477943672        6.1232339957367660E-017
  0.82999998331069946               19          29 -0.45642135122881705       0.88976376086153386        6.1232339957367660E-017
  0.82999998331069946               19          30  0.78524365681297137       0.61918688570979319        6.1232339957367660E-017
  0.82999998331069946               19          31  0.37194078970911049      -0.92825645645509158        6.1232339957367660E-017
  0.82999998331069946               19          32 -0.79666719094050686       0.60441822182902627        6.1232339957367660E-017
  0.82999998331069946               19          33 -0.58269072989198012      -0.81269398502631451        6.1232339957367660E-017
  0.82999998331069946               19          34 -0.97438522178858378      -0.22488539205562541        6.1232339957367660E-017
  0.82999998331069946               19          35  0.10215221105219405       0.99476878005753078        6.1232339957367660E-017
  0.82999998331069946               19          36 -0.98923761480806027      -0.14631794643467314        6.1232339957367660E-017
  0.82999998331069946               19          37  0.99063047479677568      -0.13656962474838513        6.1232339957367660E-017
  0.82999998331069946               19          38 -0.73107379987205279       0.68229839450246232        6.1232339957367660E-017
  0.82999998331069946               19          39 -0.60152870508268597      -0.79885118574209235        6.1232339957367660E-017
  0.82999998331069946               19          40  0.63688644043480169      -0.77095762658546141        6.1232339957367660E-017
  0.82999998331069946               20           1 -0.48581634794413708       0.87406091096114180        6.1232339957367660E-017
  0.82999998331069946               20           2  0.70991794725527080      -0.70428439437833823        6.1232339957367660E-017
  0.82999998331069946               20           3 -0.99180715737492686      -0.12774412933621307        6.1232339957367660E-017
  0.82999998331069946               20           4  0.42667329581178670      -0.90440582629763477        6.1232339957367660E-017
  0.82999998331069946               20           5  0.81539067256226971       0.57891109084076930        6.1232339957367660E-017
  0.82999998331069946               20           6 -0.94225404450258221       0.33489896329867297        6.1232339957367660E-017
  0.82999998331069946               20           7  0.92146516043462123       0.38846101233611297        6.1232339957367660E-017
  0.82999998331069946               20           8 -0.22107925023574065      -0.97525584597848103        6.1232339957367660E-017
  0.82999998331069946               20           9  0.58000342285307627      -0.81461403712354208        6.1232339957367660E-017
  0.82999998331069946               20          10 -0.99058818530012649      -0.13687602837532278        6.1232339957367660E-017
  0.82999998331069946               20          11 -0.88759588966394876      -0.46062298754150699        6.1232339957367660E-017
  0.82999998331069946               20          12 -0.42988972925682867       0.90288139901068432        6.1232339957367660E-017
  0.82999998331069946               20          13 -0.75004808299028614       0.66138330278485025        6.1232339957367660E-017
  0.82999998331069946               20          14  0.52997281726435130       0.84801463015733791        6.1232339957367660E-017
  0.82999998331069946               20          15 -0.97242875027814768       0.23320018360301481        6.1232339957367660E-017
  0.82999998331069946               20          16 -0.92502754199440584      -0.37990004810711431        6.1232339957367660E-017
  0.82999998331069946               20          17  0.55933951217404609       0.82893866487267931        6.1232339957367660E-017
  0.82999998331069946               20          18 -0.52284480245358689      -0.85242789287262866        6.1232339957367660E-017
  0.82999998331069946               20          19  0.81172663169363379      -0.58403756334614965        6.1232339957367660E-017
  0.82999998331069946               20          20 -0.99397795653810417       0.10958020768521398        6.1232339957367660E-017
  0.82999998331069946               20          21 -0.14406771278223809       0.98956783200228093        6.1232339957367660E-017
  0.82999998331069946               20          22 -0.42697300780052716       0.90426436986634107        6.1232339957367660E-017
  0.82999998331069946               20          23  0.99951753416814137       -3.1059602226016860E-002   6.1232339957367660E-017
  0.82999998331069946               20          24 -0.83289772238542159       0.55342694553588301        6.1232339957367660E-017
  0.82999998331069946               20          25  0.99463633961810127       0.10343380448917629        6.1232339957367660E-017
  0.82999998331069946               20          26  0.73531038622511424      -0.67773050389478062        6.1232339957367660E-017
  0.82999998331069946               20          27 -0.26778346323626240       0.96347912111119116        6.1232339957367660E-017
  0.82999998331069946               20          28 -0.32317515609026132      -0.94633916672936835        6.1232339957367660E-017
  0.82999998331069946               20          29  0.95340849311404408       0.30168235821474160        6.1232339957367660E-017
  0.82999998331069946               20          30   5.3891201112277382E-002  0.99854681334561179        6.1232339957367660E-017
  0.82999998331069946               20          31 -0.43404861021588392      -0.90088945158085831        6.1232339957367660E-017
  0.82999998331069946               20          32 -0.36291938789001121       0.93182053953190991        6.1232339957367660E-017
  0.82999998331069946               20          33  0.53315054073109058      -0.84602039036783605        6.1232339957367660E-017
  0.82999998331069946               20          34  0.58792011583289239      -0.80891899310069260        6.1232339957367660E-017
  0.82999998331069946               20          35 -0.56318570235845145       0.82633036048484731        6.1232339957367660E-017
  0.82999998331069946               20          36 -0.63931347072258038      -0.76894621798448848        6.1232339957367660E-017
  0.82999998331069946               20          37 -0.10231789557874019       0.99475175206899635        6.1232339957367660E-017
  0.82999998331069946               20          38 -0.54204945941530325      -0.84034658537271245        6.1232339957367660E-017
  0.82999998331069946               20          39  0.70057700799889311       0.71357680445998162        6.1232339957367660E-017
  0.82999998331069946               20          40 -0.99351599343656594       0.11369243943971583        6.1232339957367660E-017
  0.82999998331069946               21           1 -0.52305717611422753       0.85229759504260594        6.1232339957367660E-017
  0.82999998331069946               21           2  0.28848891353883188      -0.95748323576195549        6.1232339957367660E-017
  0.82999998331069946               21           3 -0.22047388613249616       0.97539287752865778        6.1232339957367660E-017
  0.82999998331069946               21           4  0.50097625766945730      -0.86546102699746419        6.1232339957367660E-017
  0.82999998331069946               21           5  -6.3346163622922294E-002  0.99799161497191846        6.1232339957367660E-017
  0.82999998331069946               21           6  0.58179913997761412      -0.81333250317524419        6.1232339957367660E-017
  0.82999998331069946               21           7  0.92900506163352337       0.37006701482203658        6.1232339957367660E-017
  0.82999998331069946               21           8 -0.97694321164591635      -0.21349932369673291        6.1232339957367660E-017
  0.82999998331069946               21           9  0.45232302457013968       0.89185418171566633        6.1232339957367660E-017
  0.82999998331069946               21          10 -0.97804444535466284       0.20839640810457843        6.1232339957367660E-017
  0.82999998331069946               21          11  0.26137474995975113      -0.96523740089341625        6.1232339957367660E-017
  0.82999998331069946               21          12  0.48229242538833594       0.87601028328041697        6.1232339957367660E-017
  0.82999998331069946               21          13  0.98628029104596748       0.16507933696947549        6.1232339957367660E-017
  0.82999998331069946               21          14 -0.41279554734812757       0.91082371295962627        6.1232339957367660E-017
  0.82999998331069946               21          15 -0.96019038410495894      -0.27934642699052264        6.1232339957367660E-017
  0.82999998331069946               21          16 -0.37764206909598863      -0.92595165513589350        6.1232339957367660E-017
  0.82999998331069946               21          17 -0.24233993586531649       0.97019140146921234        6.1232339957367660E-017
  0.82999998331069946               21          18 -0.62060000621569067      -0.78412730617233628        6.1232339957367660E-017
  0.82999998331069946               21          19  0.96111829570901686       0.27613696176606795        6.1232339957367660E-017
  0.82999998331069946               21          20 -0.98903304757450339       0.14769438312099084        6.1232339957367660E-017
  0.82999998331069946               21          21 -0.39309915552638647      -0.91949608695439367        6.1232339957367660E-017
  0.82999998331069946               21          22 -0.45737089402538095       0.88927603436639613        6.1232339957367660E-017
  0.82999998331069946               21          23  0.41060783220945268      -0.91181204649217806        6.1232339957367660E-017
  0.82999998331069946               21          24 -0.37564158714875984      -0.92676501768482855        6.1232339957367660E-017
  0.82999998331069946               21          25  0.63532940190075071       0.77224125186397174        6.1232339957367660E-017
  0.82999998331069946               21          26 -0.92154176526645637       0.38827924856935547        6.1232339957367660E-017
  0.82999998331069946               21          27 -0.91352043607661049      -0.40679283778159048        6.1232339957367660E-017
  0.82999998331069946               21          28  0.60814757636244599      -0.79382398890716510        6.1232339957367660E-017
  0.82999998331069946               21          29 -0.63421992277221984      -0.77315269485322202        6.1232339957367660E-017
  0.82999998331069946               21          30 -0.11695598114247251       0.99313709953611218        6.1232339957367660E-017
  0.82999998331069946               21          31 -0.27131554499166172      -0.96249045452195403        6.1232339957367660E-017
  0.82999998331069946               21          32 -0.47689873907948743       0.87895824284455915        6.1232339957367660E-017
  0.82999998331069946               21          33  0.47606417576001225       0.87941054153219023        6.1232339957367660E-017
  0.82999998331069946               21          34  0.65535093780606846      -0.75532453178531589        6.1232339957367660E-017
  0.82999998331069946               21          35  0.27693532129172177       0.96088856160381619        6.1232339957367660E-017
  0.82999998331069946               21          36  0.99900235931209891       -4.4657430388011836E-002   6.1232339957367660E-017
  0.82999998331069946               21          37  0.46267489827535202       0.88652802465905878        6.1232339957367660E-017
  0.82999998331069946               21          38 -0.16603590752021935      -0.98611970744628019        6.1232339957367660E-017
  0.82999998331069946               21          39   3.4062643777293830E-002  0.99941969977527523        6.1232339957367660E-017
  0.82999998331069946               21          40  -6.4093330037015964E-002 -0.99794390876680350        6.1232339957367660E-017
  0.82999998331069946               22           1  0.53400047414259177       0.84548417703437073        6.1232339957367660E-017
  0.82999998331069946               22           2  -2.5327865181267360E-002 -0.99967919816577133        6.1232339957367660E-017
  0.82999998331069946               22           3  0.68937426441900518       0.72440535859196642        6.1232339957367660E-017
  0.82999998331069946               22           4 -0.36709708577973721      -0.93018263239646881        6.1232339957367660E-017
  0.82999998331069946               22           5 -0.18338255655478886       0.98304162574706355        6.1232339957367660E-017
  0.82999998331069946               22           6   4.9219773807080522E-002 -0.99878797242777195        6.1232339957367660E-017
  0.82999998331069946               22           7  0.72184141071550589       0.69205850748058029        6.1232339957367660E-017
  0.82999998331069946               22           8 -0.69133129565860452      -0.72253791571307524        6.1232339957367660E-017
  0.82999998331069946               22           9 -0.43861994658296394       0.89867265589844103        6.1232339957367660E-017
  0.82999998331069946               22          10  0.98122450038345710       0.19286907436713363        6.1232339957367660E-017
  0.82999998331069946               22          11 -0.10895160074203965      -0.99404705557420525        6.1232339957367660E-017
  0.82999998331069946               22          12  0.96813479013151749       0.25042968701214813        6.1232339957367660E-017
  0.82999998331069946               22          13  0.80273218634191612      -0.59633969934151398        6.1232339957367660E-017
  0.82999998331069946               22          14 -0.58773548705205414       0.80905314860006861        6.1232339957367660E-017
  0.82999998331069946               22          15 -0.99886960601536101       -4.7534305282791012E-002   6.1232339957367660E-017
  0.82999998331069946               22          16  0.61025102126099651      -0.79220811094680843        6.1232339957367660E-017
  0.82999998331069946               22          17 -0.91546531051558022       0.40239690014041157        6.1232339957367660E-017
  0.82999998331069946               22          18 -0.89938085000363388      -0.43716597151052478        6.1232339957367660E-017
  0.82999998331069946               22          19  0.98543955400274297      -0.17002613154122814        6.1232339957367660E-017
  0.82999998331069946               22          20 -0.64173090084703110      -0.76692988655942851        6.1232339957367660E-017
  0.82999998331069946               22          21  0.76367625208328482      -0.64559939746256512        6.1232339957367660E-017
  0.82999998331069946               22          22  0.31382005325385826       0.94948247702406052        6.1232339957367660E-017
  0.82999998331069946               22          23 -0.96278270486917128      -0.27027664198891149        6.1232339957367660E-017
  0.82999998331069946               22          24  0.98872074299147605       0.14977079948502461        6.1232339957367660E-017
  0.82999998331069946               22          25   5.8211261583260947E-002  0.99830428679079863        6.1232339957367660E-017
  0.82999998331069946               22          26   4.7100183982396446E-002 -0.99889017047362338        6.1232339957367660E-017
  0.82999998331069946               22          27 -0.25545677227723795       0.96682047842280183        6.1232339957367660E-017
  0.82999998331069946               22          28  0.91514774014950218       0.40311860996394017        6.1232339957367660E-017
  0.82999998331069946               22          29 -0.99578864868311401        9.1678607940226545E-002   6.1232339957367660E-017
  0.82999998331069946               22          30  -9.4082251174021692E-002  0.99556442785689581        6.1232339957367660E-017
  0.82999998331069946               22          31 -0.85054502287673373      -0.52590223811999171        6.1232339957367660E-017
  0.82999998331069946               22          32  0.62382894652358911       0.78156090324380290        6.1232339957367660E-017
  0.82999998331069946               22          33  0.89500504235506706      -0.44605602132356043        6.1232339957367660E-017
  0.82999998331069946               22          34 -0.56808217346109413       0.82297183681807684        6.1232339957367660E-017
  0.82999998331069946               22          35 -0.66109820180297618       0.75029938529421136        6.1232339957367660E-017
  0.82999998331069946               22          36  0.83197997809159530      -0.55480565611275856        6.1232339957367660E-017
  0.82999998331069946               22          37 -0.99397677002317575       0.10959096976619405        6.1232339957367660E-017
  0.82999998331069946               22          38  0.15736962414783040      -0.98753977205759702        6.1232339957367660E-017
  0.82999998331069946               22          39  -4.2363556364670178E-003  0.99999102660519978        6.1232339957367660E-017
  0.82999998331069946               22          40  0.48217255112170831      -0.87607627005003597        6.1232339957367660E-017
  0.82999998331069946               23           1  0.51296359903095712       0.85841035994983628        6.1232339957367660E-017
  0.82999998331069946               23           2 -0.99771382241646012       -6.7580533877265689E-002   6.1232339957367660E-017
  0.82999998331069946               23           3   9.2681858102080794E-002  0.99569577340608706        6.1232339957367660E-017
  0.82999998331069946               23           4  0.89728077052514676      -0.44146032533603613        6.1232339957367660E-017
  0.82999998331069946               23           5 -0.71269767857255806       0.70147132440128068        6.1232339957367660E-017
  0.82999998331069946               23           6  0.88140646801443723      -0.47235859063037566        6.1232339957367660E-017
  0.82999998331069946               23           7 -0.59706668896103543       0.80219160362914932        6.1232339957367660E-017
  0.82999998331069946               23           8  0.64472170420320818      -0.76441737560661904        6.1232339957367660E-017
  0.82999998331069946               23           9 -0.78367097080553250      -0.62117615015123873        6.1232339957367660E-017
  0.82999998331069946               23          10  0.99274067534969013      -0.12027448401985030        6.1232339957367660E-017
  0.82999998331069946               23          11  0.88677348793065358      -0.46220426339801651        6.1232339957367660E-017
  0.82999998331069946               23          12 -0.96901134502014130       0.24701622056508105        6.1232339957367660E-017
  0.82999998331069946               23          13  0.57661165083391208       0.81701836216978052        6.1232339957367660E-017
  0.82999998331069946               23          14  0.21733484410776110      -0.97609710866114918        6.1232339957367660E-017
  0.82999998331069946               23          15 -0.84603727908537041       0.53312374023093645        6.1232339957367660E-017
  0.82999998331069946               23          16  0.67626410527741798      -0.73665925631416140        6.1232339957367660E-017
  0.82999998331069946               23          17  0.79206743284341719       0.61043360149064430        6.1232339957367660E-017
  0.82999998331069946               23          18 -0.77589559093860183      -0.63086134131204918        6.1232339957367660E-017
  0.82999998331069946               23          19  0.96182042998496853      -0.27368131186387246        6.1232339957367660E-017
  0.82999998331069946               23          20 -0.35188787268540872       0.93604215987151862        6.1232339957367660E-017
  0.82999998331069946               23          21 -0.98542747865579039      -0.17009610315963092        6.1232339957367660E-017
  0.82999998331069946               23          22  0.95820834825746859       0.28607125219024349        6.1232339957367660E-017
  0.82999998331069946               23          23 -0.94375684051194375       0.33064032722418119        6.1232339957367660E-017
  0.82999998331069946               23          24 -0.39178481487958516       0.92005687804057479        6.1232339957367660E-017
  0.82999998331069946               23          25  0.42921541877594610      -0.90320215028806772        6.1232339957367660E-017
  0.82999998331069946               23          26  0.99108727843734723       0.13321413783698835        6.1232339957367660E-017
  0.82999998331069946               23          27 -0.75476464596659909       0.65599567772883560        6.1232339957367660E-017
  0.82999998331069946               23          28  0.69202454875079455      -0.72187396678801152        6.1232339957367660E-017
  0.82999998331069946               23          29 -0.26792334139826357      -0.96344023329627948        6.1232339957367660E-017
  0.82999998331069946               23          30  0.98734024349115146       0.15861665607001596        6.1232339957367660E-017
  0.82999998331069946               23          31  0.99490287522043142      -0.10083783455687013        6.1232339957367660E-017
  0.82999998331069946               23          32 -0.81534735235786060      -0.57897210209389760        6.1232339957367660E-017
  0.82999998331069946               23          33 -0.37807038323181041       0.92577685503740692        6.1232339957367660E-017
  0.82999998331069946               23          34 -0.91570113552480148      -0.40185996366718252        6.1232339957367660E-017
  0.82999998331069946               23          35 -0.68130449678874871       0.73200012476462728        6.1232339957367660E-017
  0.82999998331069946               23          36  0.87900736583646211      -0.47680819079085041        6.1232339957367660E-017
  0.82999998331069946               23          37  0.88153074756286798       0.47212661553999602        6.1232339957367660E-017
  0.82999998331069946               23          38   1.8244033365780295E-002 -0.99983356377276533        6.1232339957367660E-017
  0.82999998331069946               23          39  0.61541757516303530       0.78820124852758877        6.1232339957367660E-017
  0.82999998331069946               23          40   9.8527841301002353E-002 -0.99513429470025028        6.1232339957367660E-017
  0.82999998331069946               24           1  0.18632058556685030       0.98248900217459234        6.1232339957367660E-017
  0.82999998331069946               24           2 -0.60713660001339009      -0.79459747603688047        6.1232339957367660E-017
  0.82999998331069946               24           3   8.9339409460703054E-002  0.99600123991750777        6.1232339957367660E-017
  0.82999998331069946               24           4  0.11356069269095588      -0.99353106095156896        6.1232339957367660E-017
  0.82999998331069946               24           5  -3.3712507304260710E-002  0.99943157187036080        6.1232339957367660E-017
  0.82999998331069946               24           6  0.73701137150588636       0.67588034316069023        6.1232339957367660E-017
  0.82999998331069946               24           7  0.87542945554657348       0.48334590963556301        6.1232339957367660E-017
  0.82999998331069946               24           8 -0.96065381399582250      -0.27774853672932226        6.1232339957367660E-017
  0.82999998331069946               24           9  0.11618519728486185       0.99322756704185255        6.1232339957367660E-017
  0.82999998331069946               24          10  0.59461755104116887      -0.80400868651638524        6.1232339957367660E-017
  0.82999998331069946               24          11 -0.96830747624968194       0.24976114877813102        6.1232339957367660E-017
  0.82999998331069946               24          12 -0.99286344614468924      -0.11925677049833164        6.1232339957367660E-017
  0.82999998331069946               24          13 -0.73465618566870772       0.67843959853380109        6.1232339957367660E-017
  0.82999998331069946               24          14  0.67787052247416013       0.73518130740696142        6.1232339957367660E-017
  0.82999998331069946               24          15  0.95740877034749106      -0.28873594591201351        6.1232339957367660E-017
  0.82999998331069946               24          16  0.75751716971856620       0.65281524000407110        6.1232339957367660E-017
  0.82999998331069946               24          17 -0.91203703815644299      -0.41010784073316969        6.1232339957367660E-017
  0.82999998331069946               24          18  0.99975050903177942       -2.2336510262304099E-002   6.1232339957367660E-017
  0.82999998331069946               24          19 -0.55673595781843910      -0.83068951677024627        6.1232339957367660E-017
  0.82999998331069946               24          20 -0.16806271057264691       0.98577630592085885        6.1232339957367660E-017
  0.82999998331069946               24          21 -0.11333024537138955      -0.99355737402731836        6.1232339957367660E-017
  0.82999998331069946               24          22  0.95808713331464967      -0.28647695365756171        6.1232339957367660E-017
  0.82999998331069946               24          23 -0.48911748414648720       0.87221791239472424        6.1232339957367660E-017
  0.82999998331069946               24          24  0.19080243512186112      -0.98162845860924797        6.1232339957367660E-017
  0.82999998331069946               24          25  0.94526252124363408       0.32631084249857262        6.1232339957367660E-017
  0.82999998331069946               24          26  0.77708832746664969       0.62939155643771150        6.1232339957367660E-017
  0.82999998331069946               24          27  0.97501427956380093      -0.22214219465622076        6.1232339957367660E-017
  0.82999998331069946               24          28   2.6306057255190841E-002  0.99965393579562656        6.1232339957367660E-017
  0.82999998331069946               24          29 -0.82253714976604964      -0.56871138308877145        6.1232339957367660E-017
  0.82999998331069946               24          30  0.50671241592248639      -0.86211514750060925        6.1232339957367660E-017
  0.82999998331069946               24          31  0.96871927626285315      -0.24815915013711262        6.1232339957367660E-017
  0.82999998331069946               24          32   8.1911590589123215E-002  0.99663959951787984        6.1232339957367660E-017
  0.82999998331069946               24          33 -0.98034557853583348      -0.19728797896790837        6.1232339957367660E-017
  0.82999998331069946               24          34  0.15944791937840799      -0.98720634165603738        6.1232339957367660E-017
  0.82999998331069946               24          35  0.60953728534963247       0.79275740158550445        6.1232339957367660E-017
  0.82999998331069946               24          36 -0.69511568794571721      -0.71889789286918371        6.1232339957367660E-017
  0.82999998331069946               24          37 -0.96280415563923616       0.27020021814169121        6.1232339957367660E-017
  0.82999998331069946               24          38   7.2699125263046546E-002 -0.99735391771727044        6.1232339957367660E-017
  0.82999998331069946               24          39 -0.30179776675374970       0.95337196727324081        6.1232339957367660E-017
  0.82999998331069946               24          40  0.93186777642639351      -0.36279808056014995        6.1232339957367660E-017
  0.82999998331069946               25           1  0.28335392802807902       0.95901540731682633        6.1232339957367660E-017
  0.82999998331069946               25           2  0.97956042921105557      -0.20115010694467117        6.1232339957367660E-017
  0.82999998331069946               25           3  0.14851545646331502       0.98891008650508427        6.1232339957367660E-017
  0.82999998331069946               25           4 -0.66221600096436950      -0.74931299739612023        6.1232339957367660E-017
  0.82999998331069946               25           5 -0.75185317781266692       0.65933056884463814        6.1232339957367660E-017
  0.82999998331069946               25           6  0.55695285443909170      -0.83054410956441560        6.1232339957367660E-017
  0.82999998331069946               25           7 -0.58791154436767945       0.80892522274880885        6.1232339957367660E-017
  0.82999998331069946               25           8 -0.25203190128959230      -0.96771892651345470        6.1232339957367660E-017
  0.82999998331069946               25           9  0.81319121916429149       0.58199659885096688        6.1232339957367660E-017
  0.82999998331069946               25          10 -0.95438769743718066       0.29857013075750982        6.1232339957367660E-017
  0.82999998331069946               25          11 -0.60121532407344813       0.79908706290319753        6.1232339957367660E-017
  0.82999998331069946               25          12  0.68586711115558685      -0.72772680714337423        6.1232339957367660E-017
  0.82999998331069946               25          13  0.99474303486821236      -0.10240261022639230        6.1232339957367660E-017
  0.82999998331069946               25          14  0.99204050950524025       0.12591913079664779        6.1232339957367660E-017
  0.82999998331069946               25          15  0.53896363774386147       0.84232903143006044        6.1232339957367660E-017
  0.82999998331069946               25          16 -0.38157339111084576       0.92433854576998442        6.1232339957367660E-017
  0.82999998331069946               25          17  0.40549835774762022      -0.91409577280719501        6.1232339957367660E-017
  0.82999998331069946               25          18  0.99654695161323925        8.3031158189923973E-002   6.1232339957367660E-017
  0.82999998331069946               25          19  0.98574771521292304      -0.16823032411697331        6.1232339957367660E-017
  0.82999998331069946               25          20   1.3136744560626985E-002  0.99991370924812750        6.1232339957367660E-017
  0.82999998331069946               25          21 -0.24523078347316180       0.96946473006352285        6.1232339957367660E-017
  0.82999998331069946               25          22 -0.98820092591786313       0.15316308306859749        6.1232339957367660E-017
  0.82999998331069946               25          23 -0.92130478844788621      -0.38884121024268470        6.1232339957367660E-017
  0.82999998331069946               25          24  0.98555392121595653       0.16936194488683726        6.1232339957367660E-017
  0.82999998331069946               25          25  0.85077661692640916       0.52552749508589369        6.1232339957367660E-017
  0.82999998331069946               25          26 -0.99447959968155253       0.10493009967220610        6.1232339957367660E-017
  0.82999998331069946               25          27 -0.98165552578743820      -0.19066312881883682        6.1232339957367660E-017
  0.82999998331069946               25          28   2.4073660624673438E-002  0.99971018743640305        6.1232339957367660E-017
  0.82999998331069946               25          29 -0.91154747134574599      -0.41119485342496259        6.1232339957367660E-017
  0.82999998331069946               25          30 -0.82946136523717784       0.55856409084265091        6.1232339957367660E-017
  0.82999998331069946               25          31 -0.44322970138652301       0.89640807214617024        6.1232339957367660E-017
  0.82999998331069946               25          32 -0.46377035893953628       0.88595544705650620        6.1232339957367660E-017
  0.82999998331069946               25          33  0.44973378397547853       0.89316265234899828        6.1232339957367660E-017
  0.82999998331069946               25          34  0.32777301486573840      -0.94475650340488493        6.1232339957367660E-017
  0.82999998331069946               25          35  0.24931806959927744       0.96842165412143166        6.1232339957367660E-017
  0.82999998331069946               25          36   6.7774875235233456E-002 -0.99770063961433264        6.1232339957367660E-017
  0.82999998331069946               25          37 -0.23670983614786986       0.97158038960800797        6.1232339957367660E-017
  0.82999998331069946               25          38  0.96255984985695775      -0.27106924473896155        6.1232339957367660E-017
  0.82999998331069946               25          39  0.99157817460240150       0.12950955042841164        6.1232339957367660E-017
  0.82999998331069946               25          40 -0.83571634774664827       0.54916134797434824        6.1232339957367660E-017
  0.82999998331069946               26           1 -0.99859044043276923       -5.3076664140543059E-002   6.1232339957367660E-017
  0.82999998331069946               26           2  0.55877521816820419      -0.82931915181133720        6.1232339957367660E-017
  0.82999998331069946               26           3  0.66120059362714656       0.75020915416109724        6.1232339957367660E-017
  0.82999998331069946               26           4 -0.19437377503132888      -0.98092753839418245        6.1232339957367660E-017
  0.82999998331069946               26           5  -5.9587697723308191E-003  0.99998224637380451        6.1232339957367660E-017
  0.82999998331069946               26           6 -0.46529084599564419      -0.88515785520587098        6.1232339957367660E-017
  0.82999998331069946               26           7  0.45659452272426748       0.88967490794008486        6.1232339957367660E-017
  0.82999998331069946               26           8 -0.29154912695984475      -0.95655585648144581        6.1232339957367660E-017
  0.82999998331069946               26           9  0.33106642729090463       0.94360745054330519        6.1232339957367660E-017
  0.82999998331069946               26          10 -0.26901448921911314      -0.96313612983325447        6.1232339957367660E-017
  0.82999998331069946               26          11  0.54724405052730829       0.83697308747800536        6.1232339957367660E-017
  0.82999998331069946               26          12 -0.10166692666687348      -0.99481849400888833        6.1232339957367660E-017
  0.82999998331069946               26          13 -0.31981691413952573      -0.94747936200756966        6.1232339957367660E-017
  0.82999998331069946               26          14  0.34982095118815032      -0.93681657869073698        6.1232339957367660E-017
  0.82999998331069946               26          15 -0.77100451295035888       0.63682967974975846        6.1232339957367660E-017
  0.82999998331069946               26          16 -0.37187722016900593       0.92828192545119215        6.1232339957367660E-017
  0.82999998331069946               26          17 -0.30942487462919588      -0.95092389125560750        6.1232339957367660E-017
  0.82999998331069946               26          18  0.84162875770101631       0.54005651020114920        6.1232339957367660E-017
  0.82999998331069946               26          19  0.99910967636451864       -4.2188322967223961E-002   6.1232339957367660E-017
  0.82999998331069946               26          20  0.96725458168827116      -0.25380814447737393        6.1232339957367660E-017
  0.82999998331069946               26          21 -0.19141373040151766       0.98150944153063302        6.1232339957367660E-017
  0.82999998331069946               26          22  0.89341438814020202      -0.44923349281199904        6.1232339957367660E-017
  0.82999998331069946               26          23  -1.6324762777858139E-002  0.99986674218130023        6.1232339957367660E-017
  0.82999998331069946               26          24  0.87398723775136100       0.48594887410893950        6.1232339957367660E-017
  0.82999998331069946               26          25 -0.26652306776006618      -0.96382853991348649        6.1232339957367660E-017
  0.82999998331069946               26          26 -0.75419398474878074      -0.65665168344317515        6.1232339957367660E-017
  0.82999998331069946               26          27  0.84645474585135594       0.53246066824293836        6.1232339957367660E-017
  0.82999998331069946               26          28  0.97405367660097864       0.22631711181463077        6.1232339957367660E-017
  0.82999998331069946               26          29  0.99975668554209984       -2.2058325273577865E-002   6.1232339957367660E-017
  0.82999998331069946               26          30 -0.19460295384735607       0.98088209809022608        6.1232339957367660E-017
  0.82999998331069946               26          31 -0.99731254183203066       -7.3264547391859558E-002   6.1232339957367660E-017
  0.82999998331069946               26          32 -0.19860559335937125      -0.98007949590141519        6.1232339957367660E-017
  0.82999998331069946               26          33  0.94738983824026557       0.32008201198924546        6.1232339957367660E-017
  0.82999998331069946               26          34 -0.97294861827668799      -0.23102161412621897        6.1232339957367660E-017
  0.82999998331069946               26          35 -0.87587237726744183       0.48254282580915042        6.1232339957367660E-017
  0.82999998331069946               26          36 -0.51029325919405022      -0.86000045908192047        6.1232339957367660E-017
  0.82999998331069946               26          37  0.50717587423783062       0.86184257993620406        6.1232339957367660E-017
  0.82999998331069946               26          38 -0.60617201273701771      -0.79533357214086764        6.1232339957367660E-017
  0.82999998331069946               26          39  0.97506709957345972       0.22191023259282322        6.1232339957367660E-017
  0.82999998331069946               26          40  0.11858792755647662      -0.99294355501098841        6.1232339957367660E-017
  0.82999998331069946               27           1 -0.92122027724412936       0.38904138699404395        6.1232339957367660E-017
  0.82999998331069946               27           2 -0.84991010709740500      -0.52692770837533076        6.1232339957367660E-017
  0.82999998331069946               27           3 -0.85007134816404750      -0.52666754507047309        6.1232339957367660E-017
  0.82999998331069946               27           4  0.60320508233983372      -0.79758612615779267        6.1232339957367660E-017
  0.82999998331069946               27           5   2.2643237493029926E-002  0.99974360902975234        6.1232339957367660E-017
  0.82999998331069946               27           6 -0.88497054758845028      -0.46564700138731524        6.1232339957367660E-017
  0.82999998331069946               27           7  0.23358178608089170       0.97233715819733046        6.1232339957367660E-017
  0.82999998331069946               27           8  0.20720513231129631      -0.97829751770300333        6.1232339957367660E-017
  0.82999998331069946               27           9  0.73507913603579689       0.67798131520335159        6.1232339957367660E-017
  0.82999998331069946               27          10 -0.88659700773558392      -0.46254269627171613        6.1232339957367660E-017
  0.82999998331069946               27          11   2.3947086748126109E-002  0.99971322739887647        6.1232339957367660E-017
  0.82999998331069946               27          12 -0.31798235183970425      -0.94809663216282469        6.1232339957367660E-017
  0.82999998331069946               27          13 -0.25833520764863288       0.96605534028291451        6.1232339957367660E-017
  0.82999998331069946               27          14  0.50106426524175318      -0.86541007741864318        6.1232339957367660E-017
  0.82999998331069946               27          15  0.34392824261599791       0.93899593392680425        6.1232339957367660E-017
  0.82999998331069946               27          16 -0.92183945084744368      -0.38757196346134670        6.1232339957367660E-017
  0.82999998331069946               27          17  0.51377806433884377      -0.85792313210696847        6.1232339957367660E-017
  0.82999998331069946               27          18 -0.97642449195981784       0.21585924001768267        6.1232339957367660E-017
  0.82999998331069946               27          19  0.34873484728617959      -0.93722142863268176        6.1232339957367660E-017
  0.82999998331069946               27          20 -0.72876507791953438       0.68476379957247668        6.1232339957367660E-017
  0.82999998331069946               27          21  0.85428123455383664      -0.51981109288776506        6.1232339957367660E-017
  0.82999998331069946               27          22 -0.87178082747051933      -0.48989610006083595        6.1232339957367660E-017
  0.82999998331069946               27          23 -0.72425535205761871       0.68953185931898375        6.1232339957367660E-017
  0.82999998331069946               27          24 -0.28891042298329506       0.95735613409619591        6.1232339957367660E-017
  0.82999998331069946               27          25  0.56985481133802562       0.82174539487295162        6.1232339957367660E-017
  0.82999998331069946               27          26   7.0588681774715153E-002 -0.99750550775687852        6.1232339957367660E-017
  0.82999998331069946               27          27  0.19029114983804912       0.98172770068553794        6.1232339957367660E-017
  0.82999998331069946               27          28 -0.91666807215652479      -0.39964940321341680        6.1232339957367660E-017
  0.82999998331069946               27          29 -0.61390624645891212      -0.78937894610809667        6.1232339957367660E-017
  0.82999998331069946               27          30  0.91762802414099798       0.39744032169759530        6.1232339957367660E-017
  0.82999998331069946               27          31  0.20492884351482590      -0.97877687400943225        6.1232339957367660E-017
  0.82999998331069946               27          32  0.52536875213272760       0.85087465250911110        6.1232339957367660E-017
  0.82999998331069946               27          33  0.88080839491088869       0.47347288354720374        6.1232339957367660E-017
  0.82999998331069946               27          34 -0.47855367641333396      -0.87805830033733068        6.1232339957367660E-017
  0.82999998331069946               27          35  -8.4623949970427062E-002  0.99641296011814429        6.1232339957367660E-017
  0.82999998331069946               27          36 -0.57258265981091871      -0.81984699650840565        6.1232339957367660E-017
  0.82999998331069946               27          37 -0.53564163254100927       0.84444540468215135        6.1232339957367660E-017
  0.82999998331069946               27          38 -0.29720984749879037      -0.95481218391354106        6.1232339957367660E-017
  0.82999998331069946               27          39  0.21210502006138962      -0.97724687795088783        6.1232339957367660E-017
  0.82999998331069946               27          40   4.5948783016875730E-002 -0.99894379688712620        6.1232339957367660E-017
  0.82999998331069946               28           1  0.62466171958866101      -0.78089547064926490        6.1232339957367660E-017
  0.82999998331069946               28           2  0.67242056666450700       0.74016929247745966        6.1232339957367660E-017
  0.82999998331069946               28           3 -0.88955287538215821       0.45683222511041677        6.1232339957367660E-017
  0.82999998331069946               28           4  0.94807356619202920      -0.31805111709900968        6.1232339957367660E-017
  0.82999998331069946               28           5  0.62466614995894643      -0.78089192664252016        6.1232339957367660E-017
  0.82999998331069946               28           6 -0.93641504524039165      -0.35089437591308759        6.1232339957367660E-017
  0.82999998331069946               28           7  0.86189445591904357       0.50708771120587792        6.1232339957367660E-017
  0.82999998331069946               28           8 -0.86897627963811808      -0.49485374144922384        6.1232339957367660E-017
  0.82999998331069946               28           9 -0.63935167401008852       0.76891445359057831        6.1232339957367660E-017
  0.82999998331069946               28          10 -0.55325613791059924      -0.83301119192016138        6.1232339957367660E-017
  0.82999998331069946               28          11  0.73691571948608947       0.67598463175896173        6.1232339957367660E-017
  0.82999998331069946               28          12  0.66633963417180642      -0.74564837016638286        6.1232339957367660E-017
  0.82999998331069946               28          13  0.50134313843540190       0.86524855246555687        6.1232339957367660E-017
  0.82999998331069946               28          14 -0.96994070579244995      -0.24334138005453157        6.1232339957367660E-017
  0.82999998331069946               28          15 -0.33524904164648578       0.94212954527236481        6.1232339957367660E-017
  0.82999998331069946               28          16 -0.32123887067701229      -0.94699819850206568        6.1232339957367660E-017
  0.82999998331069946               28          17  0.99926879799394530        3.8234400161840411E-002   6.1232339957367660E-017
  0.82999998331069946               28          18 -0.83074692304521314       0.55665029403648991        6.1232339957367660E-017
  0.82999998331069946               28          19 -0.99342196652333004      -0.11451111923704087        6.1232339957367660E-017
  0.82999998331069946               28          20 -0.97883523895339097       0.20464988390677880        6.1232339957367660E-017
  0.82999998331069946               28          21  0.87324136495400650       0.48728792159591205        6.1232339957367660E-017
  0.82999998331069946               28          22 -0.99908186119857390       -4.2841972690266454E-002   6.1232339957367660E-017
  0.82999998331069946               28          23  0.51433275122036570       0.85759070716868746        6.1232339957367660E-017
  0.82999998331069946               28          24  0.40305161477889773      -0.91517724830992331        6.1232339957367660E-017
  0.82999998331069946               28          25 -0.92608634740553253      -0.37731164459777727        6.1232339957367660E-017
  0.82999998331069946               28          26  0.58306456662721240       0.81242581885598697        6.1232339957367660E-017
  0.82999998331069946               28          27  0.12713430058779038      -0.99188551235213296        6.1232339957367660E-017
  0.82999998331069946               28          28  0.96224052456029330       0.27220061148706393        6.1232339957367660E-017
  0.82999998331069946               28          29 -0.72627988518707942      -0.68739910414012229        6.1232339957367660E-017
  0.82999998331069946               28          30  -4.6007157140433658E-002  0.99894111012204090        6.1232339957367660E-017
  0.82999998331069946               28          31 -0.48363312018488075       0.87527081812444585        6.1232339957367660E-017
  0.82999998331069946               28          32 -0.47692074680722013       0.87894630169586774        6.1232339957367660E-017
  0.82999998331069946               28          33 -0.83408228232246417      -0.55164005140648475        6.1232339957367660E-017
  0.82999998331069946               28          34 -0.32016973456885528       0.94736019605327981        6.1232339957367660E-017
  0.82999998331069946               28          35   3.4642951350022516E-002 -0.99939975281253701        6.1232339957367660E-017
  0.82999998331069946               28          36 -0.30074368085396114      -0.95370500597743046        6.1232339957367660E-017
  0.82999998331069946               28          37  0.66701741927521774       0.74504212121424940        6.1232339957367660E-017
  0.82999998331069946               28          38  0.47526875681951902       0.87984067238973951        6.1232339957367660E-017
  0.82999998331069946               28          39 -0.12798120774465810      -0.99177659302093768        6.1232339957367660E-017
  0.82999998331069946               28          40  0.52954161843146641       0.84828395855926875        6.1232339957367660E-017
  0.82999998331069946               29           1  0.85538176458022530       0.51799810503863819        6.1232339957367660E-017
  0.82999998331069946               29           2 -0.66037763852292752      -0.75093366853463273        6.1232339957367660E-017
  0.82999998331069946               29           3  -1.0496572105885291E-002  0.99994490946952974        6.1232339957367660E-017
  0.82999998331069946               29           4  0.65237699452341846       0.75789462131393415        6.1232339957367660E-017
  0.82999998331069946               29           5  0.85398737914887279      -0.52029372113685890        6.1232339957367660E-017
  0.82999998331069946               29           6 -0.99995499070005589        9.4877064694821340E-003   6.1232339957367660E-017
  0.82999998331069946               29           7  0.86535954761423850       0.50115152733767110        6.1232339957367660E-017
  0.82999998331069946               29           8 -0.87689144012263931      -0.48068846693013523        6.1232339957367660E-017
  0.82999998331069946               29           9  0.88477049047733358       0.46602701550500120        6.1232339957367660E-017
  0.82999998331069946               29          10  0.67512510311939111      -0.73770325683029991        6.1232339957367660E-017
  0.82999998331069946               29          11  0.72919888127649690       0.68430182781072957        6.1232339957367660E-017
  0.82999998331069946               29          12  0.33669103027653657      -0.94161518155312485        6.1232339957367660E-017
  0.82999998331069946               29          13  0.48260062292647227       0.87584053271756090        6.1232339957367660E-017
  0.82999998331069946               29          14 -0.91095981385166580      -0.41249511214963303        6.1232339957367660E-017
  0.82999998331069946               29          15 -0.45397617642155152       0.89101382213839331        6.1232339957367660E-017
  0.82999998331069946               29          16  0.60573343917260580      -0.79566764460302586        6.1232339957367660E-017
  0.82999998331069946               29          17  0.30317620069842210       0.95293451576174426        6.1232339957367660E-017
  0.82999998331069946               29          18 -0.69346634870050072      -0.72048901672405496        6.1232339957367660E-017
  0.82999998331069946               29          19  0.95285320452500211       0.30343165725816185        6.1232339957367660E-017
  0.82999998331069946               29          20 -0.39199932553302941      -0.91996550412591560        6.1232339957367660E-017
  0.82999998331069946               29          21  0.62209721565417975       0.78294000681745535        6.1232339957367660E-017
  0.82999998331069946               29          22 -0.90919089392667085      -0.41637953648182707        6.1232339957367660E-017
  0.82999998331069946               29          23  0.76323268606941674       0.64612372415448660        6.1232339957367660E-017
  0.82999998331069946               29          24 -0.52093523558895527      -0.85359620449125695        6.1232339957367660E-017
  0.82999998331069946               29          25 -0.63575218462385730       0.77189323079425487        6.1232339957367660E-017
  0.82999998331069946               29          26  0.98335802264619621      -0.18167828515638063        6.1232339957367660E-017
  0.82999998331069946               29          27 -0.90445173390826095      -0.42657597333926389        6.1232339957367660E-017
  0.82999998331069946               29          28  0.98337978411440607      -0.18156045878743585        6.1232339957367660E-017
  0.82999998331069946               29          29 -0.35777590592239983      -0.93380747541525178        6.1232339957367660E-017
  0.82999998331069946               29          30   2.9503746991610416E-002  0.99956466970049274        6.1232339957367660E-017
  0.82999998331069946               29          31   1.9067701521111872E-002 -0.99981819485279511        6.1232339957367660E-017
  0.82999998331069946               29          32  0.84378942037401106       0.53667440228213836        6.1232339957367660E-017
  0.82999998331069946               29          33 -0.49604232809416193      -0.86829834085924862        6.1232339957367660E-017
  0.82999998331069946               29          34 -0.77817979369130297       0.62804156605320416        6.1232339957367660E-017
  0.82999998331069946               29          35  0.64716245646498538      -0.76235212004834485        6.1232339957367660E-017
  0.82999998331069946               29          36 -0.64075941901760136       0.76774173192566908        6.1232339957367660E-017
  0.82999998331069946               29          37  0.99320397064036836       0.11638673766459118        6.1232339957367660E-017
  0.82999998331069946               29          38 -0.96212315726961950      -0.27261516877374803        6.1232339957367660E-017
  0.82999998331069946               29          39  0.36145025622842419       0.93239139435775920        6.1232339957367660E-017
  0.82999998331069946               29          40 -0.65012970511620005       0.75982324689727854        6.1232339957367660E-017
  0.82999998331069946               30           1  0.97252525605764684       0.23279739330587121        6.1232339957367660E-017
  0.82999998331069946               30           2  0.12422107502394755      -0.99225456638903653        6.1232339957367660E-017
  0.82999998331069946               30           3 -0.46524996500011023      -0.88517934344820548        6.1232339957367660E-017
  0.82999998331069946               30           4 -0.25209096390610219      -0.96770354237074707        6.1232339957367660E-017
  0.82999998331069946               30           5  -3.1276655576884915E-002  0.99951076573287845        6.1232339957367660E-017
  0.82999998331069946               30           6  0.93086385365355695      -0.36536623538752072        6.1232339957367660E-017
  0.82999998331069946               30           7  0.53845747959816548       0.84265268210858457        6.1232339957367660E-017
  0.82999998331069946               30           8 -0.58909396161459116      -0.80806454221753021        6.1232339957367660E-017
  0.82999998331069946               30           9  0.76674396307330472       0.64195303184161590        6.1232339957367660E-017
  0.82999998331069946               30          10 -0.91727168611905974      -0.39826204168147522        6.1232339957367660E-017
  0.82999998331069946               30          11  0.85948522657075177       0.51116058661307562        6.1232339957367660E-017
  0.82999998331069946               30          12 -0.27419130229773947      -0.96167516851807588        6.1232339957367660E-017
  0.82999998331069946               30          13 -0.55163681637700424       0.83408442187673271        6.1232339957367660E-017
  0.82999998331069946               30          14  0.94217043090060248      -0.33513412111656576        6.1232339957367660E-017
  0.82999998331069946               30          15  0.23598084124864879       0.97175770774590720        6.1232339957367660E-017
  0.82999998331069946               30          16 -0.99368528371108134      -0.11220319485659860        6.1232339957367660E-017
  0.82999998331069946               30          17 -0.73435979600497558       0.67876040692687045        6.1232339957367660E-017
  0.82999998331069946               30          18  0.48507124282218694      -0.87447463621704835        6.1232339957367660E-017
  0.82999998331069946               30          19 -0.31992100309254695       0.94744422093348513        6.1232339957367660E-017
  0.82999998331069946               30          20 -0.92755676577645407      -0.37368227983451979        6.1232339957367660E-017
  0.82999998331069946               30          21  -7.2780831071214802E-002  0.99734795865263759        6.1232339957367660E-017
  0.82999998331069946               30          22 -0.50327267247118179      -0.86412766252661688        6.1232339957367660E-017
  0.82999998331069946               30          23 -0.67122157797604531      -0.74125676607997837        6.1232339957367660E-017
  0.82999998331069946               30          24   1.4270780590886942E-002 -0.99989816722570646        6.1232339957367660E-017
  0.82999998331069946               30          25  0.48633194055253626       0.87377413763420830        6.1232339957367660E-017
  0.82999998331069946               30          26   4.7423104662145568E-002 -0.99887489163768817        6.1232339957367660E-017
  0.82999998331069946               30          27 -0.65054361416539785       0.75946889736751033        6.1232339957367660E-017
  0.82999998331069946               30          28  0.51636333703764292       0.85636960721603705        6.1232339957367660E-017
  0.82999998331069946               30          29 -0.79431704383810231      -0.60750344350324326        6.1232339957367660E-017
  0.82999998331069946               30          30  0.12044027976733326       0.99272057448688278        6.1232339957367660E-017
  0.82999998331069946               30          31   6.0932485743401430E-003 -0.99998143598859435        6.1232339957367660E-017
  0.82999998331069946               30          32 -0.22949655019586723       0.97330947465243334        6.1232339957367660E-017
  0.82999998331069946               30          33  0.99031130740336348       0.13886509435074329        6.1232339957367660E-017
  0.82999998331069946               30          34  0.94185519541232920       0.33601903350078716        6.1232339957367660E-017
  0.82999998331069946               30          35   3.0517954217881418E-002 -0.99953421875909543        6.1232339957367660E-017
  0.82999998331069946               30          36 -0.78997475126516503      -0.61313937433795651        6.1232339957367660E-017
  0.82999998331069946               30          37  0.74026242754637472      -0.67231803364415887        6.1232339957367660E-017
  0.82999998331069946               30          38  0.99763375100084573       -6.8752446239989259E-002   6.1232339957367660E-017
  0.82999998331069946               30          39 -0.83082052315970534      -0.55654043725198765        6.1232339957367660E-017
  0.82999998331069946               30          40 -0.10348103875265942       0.99463142651872338        6.1232339957367660E-017
  0.82999998331069946               31           1 -0.67270956933643267       0.73990663959934244        6.1232339957367660E-017
  0.82999998331069946               31           2  0.99146829761415056       0.13034805263638630        6.1232339957367660E-017
  0.82999998331069946               31           3 -0.81875073140198806      -0.57414914423754870        6.1232339957367660E-017
  0.82999998331069946               31           4  0.54786520493450774       0.83656662449685970        6.1232339957367660E-017
  0.82999998331069946               31           5  0.97204349080979069       0.23480087728608753        6.1232339957367660E-017
  0.82999998331069946               31           6  0.17114604204081987      -0.98524567103528138        6.1232339957367660E-017
  0.82999998331069946               31           7  0.23154089235592279       0.97282517194356299        6.1232339957367660E-017
  0.82999998331069946               31           8 -0.96898216271882964      -0.24713067056263885        6.1232339957367660E-017
  0.82999998331069946               31           9  0.64042269599312540       0.76802263668260251        6.1232339957367660E-017
  0.82999998331069946               31          10 -0.93783516073405992      -0.34708098664565312        6.1232339957367660E-017
  0.82999998331069946               31          11  0.69252642507298900       0.72139250798412491        6.1232339957367660E-017
  0.82999998331069946               31          12 -0.31463920754248137      -0.94921134057544809        6.1232339957367660E-017
  0.82999998331069946               31          13 -0.46456339344490089       0.88553986554584785        6.1232339957367660E-017
  0.82999998331069946               31          14  0.12492961303143187      -0.99216560703736179        6.1232339957367660E-017
  0.82999998331069946               31          15 -0.16111004275139121       0.98693644887836873        6.1232339957367660E-017
  0.82999998331069946               31          16  0.68708510377982357      -0.72657694717343535        6.1232339957367660E-017
  0.82999998331069946               31          17 -0.50420200214016675       0.86358574619886319        6.1232339957367660E-017
  0.82999998331069946               31          18  0.43858027497676416      -0.89869201754622585        6.1232339957367660E-017
  0.82999998331069946               31          19   6.9602116558164687E-002  0.99757483196531360        6.1232339957367660E-017
  0.82999998331069946               31          20  0.65821191649080590      -0.75283269920314988        6.1232339957367660E-017
  0.82999998331069946               31          21 -0.66350146238486107       0.74817498582427278        6.1232339957367660E-017
  0.82999998331069946               31          22  -5.3658930248185507E-002 -0.99855932182550899        6.1232339957367660E-017
  0.82999998331069946               31          23 -0.69018391953010061       0.72363399396522798        6.1232339957367660E-017
  0.82999998331069946               31          24  0.80524919984645293       0.59293652792406648        6.1232339957367660E-017
  0.82999998331069946               31          25 -0.14818853186969611      -0.98895912909599260        6.1232339957367660E-017
  0.82999998331069946               31          26 -0.31108422275505904       0.95038234745437100        6.1232339957367660E-017
  0.82999998331069946               31          27  0.99531652984012076       -9.6669568257129967E-002   6.1232339957367660E-017
  0.82999998331069946               31          28 -0.43036375566905954       0.90265554770710965        6.1232339957367660E-017
  0.82999998331069946               31          29 -0.33474197192392691      -0.94230982815233388        6.1232339957367660E-017
  0.82999998331069946               31          30  0.62853940602312475       0.77777774143780798        6.1232339957367660E-017
  0.82999998331069946               31          31 -0.18014830343518803      -0.98363946076264319        6.1232339957367660E-017
  0.82999998331069946               31          32 -0.66383471105548975       0.74787931940780028        6.1232339957367660E-017
  0.82999998331069946               31          33  0.87919325103108048      -0.47646534747177527        6.1232339957367660E-017
  0.82999998331069946               31          34  0.48173547314834642       0.87631668585651090        6.1232339957367660E-017
  0.82999998331069946               31          35 -0.46821746219972599       0.88361326839927445        6.1232339957367660E-017
  0.82999998331069946               31          36  0.57102018074151972      -0.82093602259002019        6.1232339957367660E-017
  0.82999998331069946               31          37 -0.96222286519612010      -0.27226303034706939        6.1232339957367660E-017
  0.82999998331069946               31          38 -0.54981021257059248       0.83528960855087853        6.1232339957367660E-017
  0.82999998331069946               31          39  0.10984696305465178       0.99394851210093871        6.1232339957367660E-017
  0.82999998331069946               31          40  0.45961383629274355      -0.88811886675617202        6.1232339957367660E-017
  0.82999998331069946               32           1 -0.85025524810195796      -0.52637060430373384        6.1232339957367660E-017
  0.82999998331069946               32           2  0.99505184503086874        9.9357061654740633E-002   6.1232339957367660E-017
  0.82999998331069946               32           3 -0.10688324641068563      -0.99427157841140801        6.1232339957367660E-017
  0.82999998331069946               32           4  0.60231837253645093      -0.79825596026903622        6.1232339957367660E-017
  0.82999998331069946               32           5  -1.0870260930892365E-002  0.99994091696824483        6.1232339957367660E-017
  0.82999998331069946               32           6  0.13561158176289700      -0.99076207986164122        6.1232339957367660E-017
  0.82999998331069946               32           7   3.8222312111237146E-002  0.99926926043828201        6.1232339957367660E-017
  0.82999998331069946               32           8 -0.86644340151559174       0.49927530678984222        6.1232339957367660E-017
  0.82999998331069946               32           9  0.78717684746979766       0.61672733911146738        6.1232339957367660E-017
  0.82999998331069946               32          10 -0.25060168937158717      -0.96809028157714017        6.1232339957367660E-017
  0.82999998331069946               32          11  0.15492125860375933       0.98792682099061724        6.1232339957367660E-017
  0.82999998331069946               32          12  0.63954791538798850      -0.76875123669681222        6.1232339957367660E-017
  0.82999998331069946               32          13 -0.71064622826767809       0.70354952792886105        6.1232339957367660E-017
  0.82999998331069946               32          14  0.66415656183884397      -0.74759351345929015        6.1232339957367660E-017
  0.82999998331069946               32          15 -0.99992791279666537       -1.2007048351048882E-002   6.1232339957367660E-017
  0.82999998331069946               32          16  0.74295886497867170      -0.66933707872013481        6.1232339957367660E-017
  0.82999998331069946               32          17 -0.11699139858712423       0.99313292798931430        6.1232339957367660E-017
  0.82999998331069946               32          18 -0.68278495836828634      -0.73061939518877916        6.1232339957367660E-017
  0.82999998331069946               32          19 -0.46068132478324736       0.88756561278361390        6.1232339957367660E-017
  0.82999998331069946               32          20 -0.69312627468015708      -0.72081618138607817        6.1232339957367660E-017
  0.82999998331069946               32          21  0.99992754560996278       -1.2037588231691550E-002   6.1232339957367660E-017
  0.82999998331069946               32          22  0.93499154965036202       0.35466999038883262        6.1232339957367660E-017
  0.82999998331069946               32          23  0.45298344852779798       0.89151892596840798        6.1232339957367660E-017
  0.82999998331069946               32          24  0.26692398377249055      -0.96371758668555141        6.1232339957367660E-017
  0.82999998331069946               32          25  0.15966834076726213       0.98717071520412791        6.1232339957367660E-017
  0.82999998331069946               32          26  0.37975485520716623      -0.92508715802706087        6.1232339957367660E-017
  0.82999998331069946               32          27 -0.20684615313716351       0.97837348131087298        6.1232339957367660E-017
  0.82999998331069946               32          28  0.84386675954128043       0.53655278597850820        6.1232339957367660E-017
  0.82999998331069946               32          29 -0.71688299961125768      -0.69719349169966116        6.1232339957367660E-017
  0.82999998331069946               32          30 -0.99247610575049994       0.12243847236192781        6.1232339957367660E-017
  0.82999998331069946               32          31 -0.73325184806384403       0.67995715108450583        6.1232339957367660E-017
  0.82999998331069946               32          32  0.22032394107250600       0.97542675839361659        6.1232339957367660E-017
  0.82999998331069946               32          33 -0.32970963119952046      -0.94408238999267236        6.1232339957367660E-017
  0.82999998331069946               32          34 -0.52223071688354394      -0.85280424385863596        6.1232339957367660E-017
  0.82999998331069946               32          35  -7.1733586170303801E-002  0.99742382797642626        6.1232339957367660E-017
  0.82999998331069946               32          36  0.32242532579238414       0.94659490242007693        6.1232339957367660E-017
  0.82999998331069946               32          37 -0.10336970149636455       0.99464300370160574        6.1232339957367660E-017
  0.82999998331069946               32          38 -0.52973643798289860      -0.84816231127844310        6.1232339957367660E-017
  0.82999998331069946               32          39  0.11668318751531417       0.99316918687163569        6.1232339957367660E-017
  0.82999998331069946               32          40 -0.79444222795522679      -0.60733972901625288        6.1232339957367660E-017
  0.82999998331069946               33           1 -0.75861191741443779      -0.65154275282347374        6.1232339957367660E-017
  0.82999998331069946               33           2  0.99871385452297023       -5.0701447552031507E-002   6.1232339957367660E-017
  0.82999998331069946               33           3 -0.99782776094690873        6.5876850893759900E-002   6.1232339957367660E-017
  0.82999998331069946               33           4  0.83919706292513718      -0.54382744467139887        6.1232339957367660E-017
  0.82999998331069946               33           5  0.68403175440541353       0.72945223213384713        6.1232339957367660E-017
  0.82999998331069946               33           6   2.0055644769993206E-002 -0.99979886532885198        6.1232339957367660E-017
  0.82999998331069946               33           7 -0.87005846628801220      -0.49294854218320999        6.1232339957367660E-017
  0.82999998331069946               33           8  0.50634659757316436      -0.86233005463458134        6.1232339957367660E-017
  0.82999998331069946               33           9 -0.99769675367463695        6.7832055158978943E-002   6.1232339957367660E-017
  0.82999998331069946               33          10  0.73126504643846135      -0.68209341871722751        6.1232339957367660E-017
  0.82999998331069946               33          11  0.20799701938446732       0.97812945969701659        6.1232339957367660E-017
  0.82999998331069946               33          12 -0.18253809034614607      -0.98319878232877311        6.1232339957367660E-017
  0.82999998331069946               33          13   9.5706062968719238E-002  0.99540963904868207        6.1232339957367660E-017
  0.82999998331069946               33          14  0.82942599377290849      -0.55861661347817360        6.1232339957367660E-017
  0.82999998331069946               33          15 -0.76426862393743833      -0.64489803105977506        6.1232339957367660E-017
  0.82999998331069946               33          16 -0.79465719109861277      -0.60705843922579883        6.1232339957367660E-017
  0.82999998331069946               33          17 -0.26145710051819615       0.96521509757598478        6.1232339957367660E-017
  0.82999998331069946               33          18 -0.44680969877094712      -0.89462902539779887        6.1232339957367660E-017
  0.82999998331069946               33          19 -0.34494876276714204       0.93862151640872693        6.1232339957367660E-017
  0.82999998331069946               33          20  0.45576378926364114      -0.89010076305778285        6.1232339957367660E-017
  0.82999998331069946               33          21 -0.93956548382430893       0.34236924745951142        6.1232339957367660E-017
  0.82999998331069946               33          22  0.67187841807298432      -0.74066145527342253        6.1232339957367660E-017
  0.82999998331069946               33          23   9.4739642327374751E-002  0.99550208446375499        6.1232339957367660E-017
  0.82999998331069946               33          24  -1.5339665672210480E-003 -0.99999882347259317        6.1232339957367660E-017
  0.82999998331069946               33          25  0.90222124698904904       0.43127348803459442        6.1232339957367660E-017
  0.82999998331069946               33          26 -0.98796821249706224      -0.15465707580114041        6.1232339957367660E-017
  0.82999998331069946               33          27 -0.99745023947809941        7.1365396132034589E-002   6.1232339957367660E-017
  0.82999998331069946               33          28  0.99051718832299029      -0.13738886285546478        6.1232339957367660E-017
  0.82999998331069946               33          29 -0.38489366495714933      -0.92296092369929383        6.1232339957367660E-017
  0.82999998331069946               33          30 -0.96050040637372802       0.27827858228024543        6.1232339957367660E-017
  0.82999998331069946               33          31  0.99876935572046022       -4.9596109461699713E-002   6.1232339957367660E-017
  0.82999998331069946               33          32  0.53932962815299546       0.84209474062978906        6.1232339957367660E-017
  0.82999998331069946               33          33  0.51043982830745649      -0.85991347336662560        6.1232339957367660E-017
  0.82999998331069946               33          34 -0.61333253999703075      -0.78982478777307996        6.1232339957367660E-017
  0.82999998331069946               33          35  0.91723558594868448      -0.39834517678688341        6.1232339957367660E-017
  0.82999998331069946               33          36  0.59853473869343365      -0.80109685218279514        6.1232339957367660E-017
  0.82999998331069946               33          37  0.98194215108755867      -0.18918142593166490        6.1232339957367660E-017
  0.82999998331069946               33          38 -0.99803114537274884        6.2720274759912958E-002   6.1232339957367660E-017
  0.82999998331069946               33          39  0.99863572810522727       -5.2217645980478747E-002   6.1232339957367660E-017
  0.82999998331069946               33          40 -0.32313314196024367       0.94635351352805841        6.1232339957367660E-017
  0.82999998331069946               34           1 -0.91477767125289233      -0.40395768612211763        6.1232339957367660E-017
  0.82999998331069946               34           2  0.99463425882122225      -0.10345381181550428        6.1232339957367660E-017
  0.82999998331069946               34           3 -0.97697896000974371       0.21333567844661974        6.1232339957367660E-017
  0.82999998331069946               34           4 -0.82496181857461248      -0.56518846227967912        6.1232339957367660E-017
  0.82999998331069946               34           5 -0.12978035673940730       0.99154276710820299        6.1232339957367660E-017
  0.82999998331069946               34           6 -0.65654881435243440      -0.75428353712142804        6.1232339957367660E-017
  0.82999998331069946               34           7  0.97842922186277481       0.20658232694256556        6.1232339957367660E-017
  0.82999998331069946               34           8  0.83345296391808321      -0.55259040612026755        6.1232339957367660E-017
  0.82999998331069946               34           9 -0.99981216388176453       -1.9381355836566028E-002   6.1232339957367660E-017
  0.82999998331069946               34          10   9.2837800178700754E-003 -0.99995690478569110        6.1232339957367660E-017
  0.82999998331069946               34          11  0.81089715633456894       0.58518868909823407        6.1232339957367660E-017
  0.82999998331069946               34          12  0.89370150916561808      -0.44866202481945877        6.1232339957367660E-017
  0.82999998331069946               34          13  0.69200970625546254       0.72188819525479730        6.1232339957367660E-017
  0.82999998331069946               34          14 -0.78011161761361936      -0.62564036319938798        6.1232339957367660E-017
  0.82999998331069946               34          15  0.74525229784800351       0.66678258267014645        6.1232339957367660E-017
  0.82999998331069946               34          16  0.25079049968951234      -0.96804138613257895        6.1232339957367660E-017
  0.82999998331069946               34          17 -0.74920530476644487       0.66233783774582777        6.1232339957367660E-017
  0.82999998331069946               34          18  0.62539040665880041      -0.78031201404254968        6.1232339957367660E-017
  0.82999998331069946               34          19 -0.42425940183842648       0.90554070032864931        6.1232339957367660E-017
  0.82999998331069946               34          20  0.88833033600711531       0.45920498051467779        6.1232339957367660E-017
  0.82999998331069946               34          21 -0.82480050896997736       0.56542384138172519        6.1232339957367660E-017
  0.82999998331069946               34          22  0.96458498245804380      -0.26377227226608813        6.1232339957367660E-017
  0.82999998331069946               34          23 -0.99135990996840440       0.13116984755437197        6.1232339957367660E-017
  0.82999998331069946               34          24   5.4684460062807000E-002 -0.99850368543518120        6.1232339957367660E-017
  0.82999998331069946               34          25  0.32219471419755102       0.94667342106090546        6.1232339957367660E-017
  0.82999998331069946               34          26 -0.31325538779215956      -0.94966892231934374        6.1232339957367660E-017
  0.82999998331069946               34          27 -0.10346289483337534       0.99463331403723754        6.1232339957367660E-017
  0.82999998331069946               34          28  0.44635142167414216       0.89485775873569551        6.1232339957367660E-017
  0.82999998331069946               34          29  0.90510900139886052       0.42517960391669485        6.1232339957367660E-017
  0.82999998331069946               34          30 -0.62105127785033376      -0.78376993453466148        6.1232339957367660E-017
  0.82999998331069946               34          31 -0.87957792151820235       0.47575485281573232        6.1232339957367660E-017
  0.82999998331069946               34          32 -0.91558812665589306       0.40211737381858098        6.1232339957367660E-017
  0.82999998331069946               34          33  0.77129079209001061      -0.63648292517330274        6.1232339957367660E-017
  0.82999998331069946               34          34 -0.87264299988124094      -0.48835867429407720        6.1232339957367660E-017
  0.82999998331069946               34          35  0.98470082353158794      -0.17425351685464607        6.1232339957367660E-017
  0.82999998331069946               34          36 -0.54181402687652513      -0.84049839992699815        6.1232339957367660E-017
  0.82999998331069946               34          37  0.68199985697941123       0.73135230571870258        6.1232339957367660E-017
  0.82999998331069946               34          38 -0.35431448656811171       0.93512632548120223        6.1232339957367660E-017
  0.82999998331069946               34          39  0.46767819094760349       0.88389881191908892        6.1232339957367660E-017
  0.82999998331069946               34          40  0.78702665971758756       0.61691898730204164        6.1232339957367660E-017
  0.82999998331069946               35           1 -0.43269936022305516      -0.90153827631585270        6.1232339957367660E-017
  0.82999998331069946               35           2  0.38910121431127209       0.92119500922524189        6.1232339957367660E-017
  0.82999998331069946               35           3  -4.4627102728594679E-002  0.99900371455868542        6.1232339957367660E-017
  0.82999998331069946               35           4  0.34034741837168908      -0.94029975795366794        6.1232339957367660E-017
  0.82999998331069946               35           5  0.15940919423346589       0.98721259554051333        6.1232339957367660E-017
  0.82999998331069946               35           6 -0.23982347209428334      -0.97081651316437878        6.1232339957367660E-017
  0.82999998331069946               35           7  0.61686005718060621       0.78707284914113207        6.1232339957367660E-017
  0.82999998331069946               35           8 -0.91189327902277351      -0.41042739634811687        6.1232339957367660E-017
  0.82999998331069946               35           9  0.62436709818354430       0.78113105603724420        6.1232339957367660E-017
  0.82999998331069946               35          10  0.94889201326990902       0.31560093021500868        6.1232339957367660E-017
  0.82999998331069946               35          11 -0.98510099993621691       0.17197680054200767        6.1232339957367660E-017
  0.82999998331069946               35          12  0.73578053600438631       0.67722005495783866        6.1232339957367660E-017
  0.82999998331069946               35          13 -0.78585954117355061      -0.61840503033731586        6.1232339957367660E-017
  0.82999998331069946               35          14   4.3944925484260523E-002  0.99903395514075632        6.1232339957367660E-017
  0.82999998331069946               35          15  0.61461849778333466       0.78882450658087255        6.1232339957367660E-017
  0.82999998331069946               35          16  0.78385873829203123      -0.62093919058408997        6.1232339957367660E-017
  0.82999998331069946               35          17   1.2265991323394282E-002  0.99992476989864310        6.1232339957367660E-017
  0.82999998331069946               35          18 -0.14548929116684661      -0.98935982643109610        6.1232339957367660E-017
  0.82999998331069946               35          19 -0.23082048529274263       0.97299635331753576        6.1232339957367660E-017
  0.82999998331069946               35          20 -0.38905773214412420      -0.92121337433781914        6.1232339957367660E-017
  0.82999998331069946               35          21  0.89058251701578828       0.45482170175336090        6.1232339957367660E-017
  0.82999998331069946               35          22 -0.93583226917044149       0.35244568940377519        6.1232339957367660E-017
  0.82999998331069946               35          23 -0.40000732245459791       0.91651194317515761        6.1232339957367660E-017
  0.82999998331069946               35          24  0.96927222112981959      -0.24599057166091992        6.1232339957367660E-017
  0.82999998331069946               35          25 -0.11060814699977509       0.99386409423888344        6.1232339957367660E-017
  0.82999998331069946               35          26   5.4628132386313484E-002 -0.99850676870614319        6.1232339957367660E-017
  0.82999998331069946               35          27  0.90517766701150826       0.42503340003298917        6.1232339957367660E-017
  0.82999998331069946               35          28 -0.48854196701689767      -0.87254039818409579        6.1232339957367660E-017
  0.82999998331069946               35          29  0.36041532588300440       0.93279193439300689        6.1232339957367660E-017
  0.82999998331069946               35          30   6.0994414677599293E-002 -0.99813810736698005        6.1232339957367660E-017
  0.82999998331069946               35          31 -0.76108560003422188      -0.64865145449659523        6.1232339957367660E-017
  0.82999998331069946               35          32  0.54371104331974984      -0.83927248338793348        6.1232339957367660E-017
  0.82999998331069946               35          33 -0.91784174874551883      -0.39694650050071967        6.1232339957367660E-017
  0.82999998331069946               35          34 -0.60267368272243071       0.79798773935053846        6.1232339957367660E-017
  0.82999998331069946               35          35 -0.61117776603083140       0.79149335961179257        6.1232339957367660E-017
  0.82999998331069946               35          36  0.97575235364831925       0.21887746423459270        6.1232339957367660E-017
  0.82999998331069946               35          37  0.17033635924082074      -0.98538597753397228        6.1232339957367660E-017
  0.82999998331069946               35          38 -0.90354147644599792       0.42850064217196482        6.1232339957367660E-017
  0.82999998331069946               35          39 -0.25233777358783027      -0.96763921376757822        6.1232339957367660E-017
  0.82999998331069946               35          40  0.55672374945511138      -0.83069769880061806        6.1232339957367660E-017
  0.82999998331069946               36           1 -0.67877581788463515      -0.73434555153214121        6.1232339957367660E-017
  0.82999998331069946               36           2 -0.57547028401693656      -0.81782268996003427        6.1232339957367660E-017
  0.82999998331069946               36           3 -0.46137521771837903       0.88720511071302921        6.1232339957367660E-017
  0.82999998331069946               36           4  0.82642930664945791      -0.56304049686580837        6.1232339957367660E-017
  0.82999998331069946               36           5 -0.22465334317559690       0.97443874892166904        6.1232339957367660E-017
  0.82999998331069946               36           6  0.33093713133883285      -0.94365280432011867        6.1232339957367660E-017
  0.82999998331069946               36           7 -0.41090143836111798       0.91167977270133860        6.1232339957367660E-017
  0.82999998331069946               36           8  0.46910092888422628       0.88314456263963714        6.1232339957367660E-017
  0.82999998331069946               36           9  0.65969592011074252      -0.75153262935766196        6.1232339957367660E-017
  0.82999998331069946               36          10  0.63228466777385006       0.77473614792270540        6.1232339957367660E-017
  0.82999998331069946               36          11 -0.79869821002187258      -0.60173180845610663        6.1232339957367660E-017
  0.82999998331069946               36          12  0.11429821712055936      -0.99344648449881867        6.1232339957367660E-017
  0.82999998331069946               36          13 -0.99988337581299458       -1.5272025825337196E-002   6.1232339957367660E-017
  0.82999998331069946               36          14  0.13209050887066223       0.99123765942698605        6.1232339957367660E-017
  0.82999998331069946               36          15 -0.65162330410940816      -0.75854272756486019        6.1232339957367660E-017
  0.82999998331069946               36          16  0.89652614868572533      -0.44299081787633099        6.1232339957367660E-017
  0.82999998331069946               36          17  0.30018713254148011       0.95388033078396361        6.1232339957367660E-017
  0.82999998331069946               36          18 -0.51705174692642242      -0.85595414071101661        6.1232339957367660E-017
  0.82999998331069946               36          19 -0.10414663133804118       0.99456195341513953        6.1232339957367660E-017
  0.82999998331069946               36          20  0.39885769825331174      -0.91701283335843786        6.1232339957367660E-017
  0.82999998331069946               36          21 -0.79447783076725476      -0.60729315525482197        6.1232339957367660E-017
  0.82999998331069946               36          22 -0.75286335617966149       0.65817685079459920        6.1232339957367660E-017
  0.82999998331069946               36          23  0.68039321192193536       0.73284723999654422        6.1232339957367660E-017
  0.82999998331069946               36          24  -5.8832213739745598E-003 -0.99998269370337844        6.1232339957367660E-017
  0.82999998331069946               36          25 -0.23630133747100315       0.97167982273453379        6.1232339957367660E-017
  0.82999998331069946               36          26  0.33691334363664954      -0.94153565990862653        6.1232339957367660E-017
  0.82999998331069946               36          27 -0.69700808609511211       0.71706326632873107        6.1232339957367660E-017
  0.82999998331069946               36          28 -0.27038616112472219      -0.96275195345023101        6.1232339957367660E-017
  0.82999998331069946               36          29 -0.33185961908900868       0.94332878320238811        6.1232339957367660E-017
  0.82999998331069946               36          30 -0.97364757180221906      -0.22805790037541504        6.1232339957367660E-017
  0.82999998331069946               36          31  0.63561662058966883       0.77200486503011689        6.1232339957367660E-017
  0.82999998331069946               36          32 -0.59716035332223139      -0.80212188127495176        6.1232339957367660E-017
  0.82999998331069946               36          33 -0.88988580341405399       0.45618335883953898        6.1232339957367660E-017
  0.82999998331069946               36          34  0.86319414515438242       0.50487213011929566        6.1232339957367660E-017
  0.82999998331069946               36          35 -0.61230953305018532       0.79061813521817470        6.1232339957367660E-017
  0.82999998331069946               36          36  -6.6492955726614816E-002 -0.99778689450139524        6.1232339957367660E-017
  0.82999998331069946               36          37  0.78955712659960686      -0.61367706803804589        6.1232339957367660E-017
  0.82999998331069946               36          38 -0.96501149333362168       0.26220758519541998        6.1232339957367660E-017
  0.82999998331069946               36          39   2.7127861630541025E-002 -0.99963197183931363        6.1232339957367660E-017
  0.82999998331069946               36          40  0.92823103694095221       0.37200422317431370        6.1232339957367660E-017
  0.82999998331069946               37           1  0.12341176805514996      -0.99235554893672151        6.1232339957367660E-017
  0.82999998331069946               37           2 -0.97653157662296519       0.21537427854380806        6.1232339957367660E-017
  0.82999998331069946               37           3  0.31086356215784700       0.95045454689981590        6.1232339957367660E-017
  0.82999998331069946               37           4  -3.5763099471266956E-002 -0.99936029574733865        6.1232339957367660E-017
  0.82999998331069946               37           5 -0.37013156178380030       0.92897934690254813        6.1232339957367660E-017
  0.82999998331069946               37           6  0.87667381123881549      -0.48108526134980445        6.1232339957367660E-017
  0.82999998331069946               37           7   3.8016879753352398E-002  0.99927709713263180        6.1232339957367660E-017
  0.82999998331069946               37           8  0.79570460855617520      -0.60568488170208112        6.1232339957367660E-017
  0.82999998331069946               37           9 -0.73866512108635651      -0.67407257687171807        6.1232339957367660E-017
  0.82999998331069946               37          10 -0.93717575817552023       0.34885756160378523        6.1232339957367660E-017
  0.82999998331069946               37          11  0.62291481524307279      -0.78228967329927634        6.1232339957367660E-017
  0.82999998331069946               37          12  -3.2223300532426731E-002  0.99948069461235567        6.1232339957367660E-017
  0.82999998331069946               37          13  0.82907173071902551       0.55914225857339717        6.1232339957367660E-017
  0.82999998331069946               37          14 -0.49054907076855325       0.87141356953406968        6.1232339957367660E-017
  0.82999998331069946               37          15 -0.63772021735521534      -0.77026808604304575        6.1232339957367660E-017
  0.82999998331069946               37          16 -0.52835931854508988       0.84902086576630631        6.1232339957367660E-017
  0.82999998331069946               37          17  0.97448863503681327       0.22443685121674770        6.1232339957367660E-017
  0.82999998331069946               37          18  0.52881023328542776      -0.84874008811450130        6.1232339957367660E-017
  0.82999998331069946               37          19 -0.21039481106759619       0.97761650122930643        6.1232339957367660E-017
  0.82999998331069946               37          20  0.95906495871196096      -0.28318616663040702        6.1232339957367660E-017
  0.82999998331069946               37          21 -0.98516723468216782       0.17159696882139386        6.1232339957367660E-017
  0.82999998331069946               37          22 -0.69714589575230856      -0.71692928524067934        6.1232339957367660E-017
  0.82999998331069946               37          23  0.53302944792262541      -0.84609668930170223        6.1232339957367660E-017
  0.82999998331069946               37          24 -0.32387730420180383      -0.94609909196815756        6.1232339957367660E-017
  0.82999998331069946               37          25  0.55255569500199864       0.83347597681088459        6.1232339957367660E-017
  0.82999998331069946               37          26 -0.35423367087774776      -0.93515694213135980        6.1232339957367660E-017
  0.82999998331069946               37          27 -0.57620591604871341       0.81730455909071198        6.1232339957367660E-017
  0.82999998331069946               37          28 -0.89601125852236940       0.44403133290473962        6.1232339957367660E-017
  0.82999998331069946               37          29  0.77829405799579632       0.62789995961811940        6.1232339957367660E-017
  0.82999998331069946               37          30  0.37982637641257233      -0.92505779483300121        6.1232339957367660E-017
  0.82999998331069946               37          31  0.91671459484665530       0.39954267806472532        6.1232339957367660E-017
  0.82999998331069946               37          32 -0.18670058306714130       0.98241686278401663        6.1232339957367660E-017
  0.82999998331069946               37          33 -0.98366810135307448       0.17999185087230363        6.1232339957367660E-017
  0.82999998331069946               37          34  0.99297508216265351       0.11832365023135254        6.1232339957367660E-017
  0.82999998331069946               37          35 -0.99625213907306631        8.6496678504667537E-002   6.1232339957367660E-017
  0.82999998331069946               37          36 -0.63015963266690800      -0.77646560603616399        6.1232339957367660E-017
  0.82999998331069946               37          37  0.66737913622942036       0.74471812689478212        6.1232339957367660E-017
  0.82999998331069946               37          38  0.91436410330959850      -0.40489293224114670        6.1232339957367660E-017
  0.82999998331069946               37          39 -0.95292818486726516       0.30319609906062339        6.1232339957367660E-017
  0.82999998331069946               37          40 -0.11725517370431759       0.99310181967387934        6.1232339957367660E-017
  0.82999998331069946               38           1 -0.41553623615638419      -0.90957662483211699        6.1232339957367660E-017
  0.82999998331069946               38           2  0.95958589392950810       0.28141590603856570        6.1232339957367660E-017
  0.82999998331069946               38           3   8.2908210698620380E-002  0.99655718782152847        6.1232339957367660E-017
  0.82999998331069946               38           4 -0.25898020524072513      -0.96588262914987344        6.1232339957367660E-017
  0.82999998331069946               38           5 -0.86949207260803674       0.49394689559888977        6.1232339957367660E-017
  0.82999998331069946               38           6  0.97370172092988272       0.22782659778477335        6.1232339957367660E-017
  0.82999998331069946               38           7  0.78658357273357482      -0.61748383226258241        6.1232339957367660E-017
  0.82999998331069946               38           8  0.46002326413999550       0.88790686248614159        6.1232339957367660E-017
  0.82999998331069946               38           9   7.3523576399482482E-002  0.99729347922937384        6.1232339957367660E-017
  0.82999998331069946               38          10  0.99690238717517210        7.8648779039748831E-002   6.1232339957367660E-017
  0.82999998331069946               38          11  -5.9584998211956973E-002 -0.99822323554808179        6.1232339957367660E-017
  0.82999998331069946               38          12  0.94594394349250299       0.32433016475476378        6.1232339957367660E-017
  0.82999998331069946               38          13   1.2212031274725836E-002 -0.99992543036575743        6.1232339957367660E-017
  0.82999998331069946               38          14 -0.99294441505055275       0.11858072617384167        6.1232339957367660E-017
  0.82999998331069946               38          15 -0.42249765854589583      -0.90636401546135736        6.1232339957367660E-017
  0.82999998331069946               38          16 -0.63922853767106214      -0.76901682467090116        6.1232339957367660E-017
  0.82999998331069946               38          17 -0.80370388169772777       0.59502947031555076        6.1232339957367660E-017
  0.82999998331069946               38          18  0.17435438305450573      -0.98468296883295525        6.1232339957367660E-017
  0.82999998331069946               38          19 -0.91355546820725775       0.40671415823477070        6.1232339957367660E-017
  0.82999998331069946               38          20  0.40052283490788110      -0.91628677755239607        6.1232339957367660E-017
  0.82999998331069946               38          21 -0.90065616476676147       0.43453247619439000        6.1232339957367660E-017
  0.82999998331069946               38          22 -0.13474298139474117       0.99088058259552969        6.1232339957367660E-017
  0.82999998331069946               38          23 -0.97605534127711258      -0.21752234543701304        6.1232339957367660E-017
  0.82999998331069946               38          24 -0.76529255515178951       0.64368261202959731        6.1232339957367660E-017
  0.82999998331069946               38          25  0.97557856234822993      -0.21965078803992699        6.1232339957367660E-017
  0.82999998331069946               38          26 -0.92824454604738504       0.37197051325781733        6.1232339957367660E-017
  0.82999998331069946               38          27  0.54501510563376609       0.83842622491845686        6.1232339957367660E-017
  0.82999998331069946               38          28   2.9030908932009141E-002 -0.99957851433820910        6.1232339957367660E-017
  0.82999998331069946               38          29  0.54780481968588868       0.83660616751785366        6.1232339957367660E-017
  0.82999998331069946               38          30 -0.96915349260702188      -0.24645792291507107        6.1232339957367660E-017
  0.82999998331069946               38          31  0.63433160837327662       0.77306106525847751        6.1232339957367660E-017
  0.82999998331069946               38          32  0.70169778092153656       0.71247471832324771        6.1232339957367660E-017
  0.82999998331069946               38          33  -4.7171019650401526E-002 -0.99888682787648242        6.1232339957367660E-017
  0.82999998331069946               38          34  0.94583721835780021       0.32464127336058013        6.1232339957367660E-017
  0.82999998331069946               38          35 -0.87675084420930027      -0.48094485877102305        6.1232339957367660E-017
  0.82999998331069946               38          36 -0.86390923396487018       0.50364753098792336        6.1232339957367660E-017
  0.82999998331069946               38          37 -0.93296999497522226       0.35995414774097789        6.1232339957367660E-017
  0.82999998331069946               38          38  0.89419230861676557      -0.44768305218158416        6.1232339957367660E-017
  0.82999998331069946               38          39   9.8165893534035209E-002  0.99517006453503432        6.1232339957367660E-017
  0.82999998331069946               38          40  0.98613955051703583      -0.16591801260278710        6.1232339957367660E-017
  0.82999998331069946               39           1 -0.66097457576941943      -0.75040829565406331        6.1232339957367660E-017
  0.82999998331069946               39           2  0.97878894000154193       0.20487120571387776        6.1232339957367660E-017
  0.82999998331069946               39           3 -0.78967986932176459      -0.61351911460683994        6.1232339957367660E-017
  0.82999998331069946               39           4  0.13042842126247431       0.99145772826025147        6.1232339957367660E-017
  0.82999998331069946               39           5  0.87952745235509000      -0.47584814862912400        6.1232339957367660E-017
  0.82999998331069946               39           6  0.15026198420368622       0.98864621382128959        6.1232339957367660E-017
  0.82999998331069946               39           7  0.48178370027887230       0.87629017234338402        6.1232339957367660E-017
  0.82999998331069946               39           8 -0.98779647750869715      -0.15575018144904376        6.1232339957367660E-017
  0.82999998331069946               39           9  0.98260421086091876      -0.18571204807009981        6.1232339957367660E-017
  0.82999998331069946               39          10 -0.93107703686617294       0.36482263008276661        6.1232339957367660E-017
  0.82999998331069946               39          11 -0.89353848345683551       0.44898661292031694        6.1232339957367660E-017
  0.82999998331069946               39          12 -0.48709058972409913       0.87335145125100089        6.1232339957367660E-017
  0.82999998331069946               39          13 -0.96054888319509302       0.27811120616159929        6.1232339957367660E-017
  0.82999998331069946               39          14  0.42665185323935118      -0.90441594199097752        6.1232339957367660E-017
  0.82999998331069946               39          15  0.49139755641114707       0.87093538311010965        6.1232339957367660E-017
  0.82999998331069946               39          16  0.68303443415834375      -0.73038617303039843        6.1232339957367660E-017
  0.82999998331069946               39          17 -0.34953337337710222       0.93692391414437881        6.1232339957367660E-017
  0.82999998331069946               39          18 -0.86569209840010819      -0.50057685800246232        6.1232339957367660E-017
  0.82999998331069946               39          19  0.99292433603749575      -0.11874873853855557        6.1232339957367660E-017
  0.82999998331069946               39          20 -0.93159655397262997      -0.36349396229692832        6.1232339957367660E-017
  0.82999998331069946               39          21  0.83256500936731948      -0.55392734647893593        6.1232339957367660E-017
  0.82999998331069946               39          22  0.61450806665774149      -0.78891053739480799        6.1232339957367660E-017
  0.82999998331069946               39          23  0.32054322573006305       0.94723388898337346        6.1232339957367660E-017
  0.82999998331069946               39          24 -0.76902827850095801       0.63921475801631245        6.1232339957367660E-017
  0.82999998331069946               39          25  0.88985144901485735       0.45625036842303895        6.1232339957367660E-017
  0.82999998331069946               39          26 -0.92685748944921020       0.37541336450891982        6.1232339957367660E-017
  0.82999998331069946               39          27  0.97131430182231593      -0.23779934204161926        6.1232339957367660E-017
  0.82999998331069946               39          28 -0.96159351290905981      -0.27447753265288172        6.1232339957367660E-017
  0.82999998331069946               39          29  0.94294306555739682       0.33295401351721060        6.1232339957367660E-017
  0.82999998331069946               39          30 -0.57300423528282407      -0.81955240610222480        6.1232339957367660E-017
  0.82999998331069946               39          31 -0.63048751163759698       0.77619939298419383        6.1232339957367660E-017
  0.82999998331069946               39          32  0.62306510182135666      -0.78216998081768807        6.1232339957367660E-017
  0.82999998331069946               39          33 -0.99977185515601208       -2.1359719986600682E-002   6.1232339957367660E-017
  0.82999998331069946               39          34 -0.97711396646732152      -0.21271646982426631        6.1232339957367660E-017
  0.82999998331069946               39          35 -0.21039254855163339      -0.97761698814717235        6.1232339957367660E-017
  0.82999998331069946               39          36  0.81568652233712791      -0.57849416356395689        6.1232339957367660E-017
  0.82999998331069946               39          37  0.36672470782662314       0.93032950542776938        6.1232339957367660E-017
  0.82999998331069946               39          38 -0.78194241871766579       0.62335066680799078        6.1232339957367660E-017
  0.82999998331069946               39          39 -0.99775949039458944       -6.6902909708989738E-002   6.1232339957367660E-017
  0.82999998331069946               39          40  0.71809251893608006      -0.69594765194519870        6.1232339957367660E-017
  0.82999998331069946               40           1 -0.47449667899071518      -0.88025729285634557        6.1232339957367660E-017
  0.82999998331069946               40           2  0.53481107399286920       0.84497166528505185        6.1232339957367660E-017
  0.82999998331069946               40           3  0.72702172436244372      -0.68661445681332611        6.1232339957367660E-017
  0.82999998331069946               40           4  0.28744026488800739       0.95779856656872908        6.1232339957367660E-017
  0.82999998331069946               40           5  0.72449517146208142       0.68927987532505919        6.1232339957367660E-017
  0.82999998331069946               40           6 -0.84778556348049861      -0.53033917293940624        6.1232339957367660E-017
  0.82999998331069946               40           7 -0.35258981925554600       0.93577797546070796        6.1232339957367660E-017
  0.82999998331069946               40           8 -0.57349649673119918       0.81920801280080358        6.1232339957367660E-017
  0.82999998331069946               40           9  0.37009995777520116      -0.92899193820764359        6.1232339957367660E-017
  0.82999998331069946               40          10  0.98321460693556972      -0.18245283420252270        6.1232339957367660E-017
  0.82999998331069946               40          11 -0.99243913617849266      -0.12273777324559587        6.1232339957367660E-017
  0.82999998331069946               40          12  0.77879409911595854      -0.62727964352604526        6.1232339957367660E-017
  0.82999998331069946               40          13  -5.1337365750008810E-003  0.99998682228756319        6.1232339957367660E-017
  0.82999998331069946               40          14 -0.11229520423723439      -0.99367489004468545        6.1232339957367660E-017
  0.82999998331069946               40          15  -4.8833516496120354E-002  0.99880693212783778        6.1232339957367660E-017
  0.82999998331069946               40          16  0.35447526743729357      -0.93506539064134930        6.1232339957367660E-017
  0.82999998331069946               40          17 -0.65603193319693665      -0.75473313338284675        6.1232339957367660E-017
  0.82999998331069946               40          18 -0.85571054323083906      -0.51745479629005497        6.1232339957367660E-017
  0.82999998331069946               40          19  0.53200977986619691       0.84673820873202643        6.1232339957367660E-017
  0.82999998331069946               40          20 -0.99064758574919154       0.13644545008646577        6.1232339957367660E-017
  0.82999998331069946               40          21  0.55693974280571268       0.83055290191745568        6.1232339957367660E-017
  0.82999998331069946               40          22 -0.14167973298086706      -0.98991254829023667        6.1232339957367660E-017
  0.82999998331069946               40          23  0.99758118455770550        6.9511007879653142E-002   6.1232339957367660E-017
  0.82999998331069946               40          24 -0.97183632633097161      -0.23565685821448351        6.1232339957367660E-017
  0.82999998331069946               40          25  0.76872254785781768       0.63958239845619980        6.1232339957367660E-017
  0.82999998331069946               40          26 -0.44033659874085262      -0.89783276828668790        6.1232339957367660E-017
  0.82999998331069946               40          27  0.92449992079652632      -0.38118223521987049        6.1232339957367660E-017
  0.82999998331069946               40          28 -0.75725208397135824      -0.65312271536138977        6.1232339957367660E-017
  0.82999998331069946               40          29  0.17279297246421077       0.98495816594766217        6.1232339957367660E-017
  0.82999998331069946               40          30 -0.99826787332662292       -5.8832415248241191E-002   6.1232339957367660E-017
  0.82999998331069946               40          31  0.76617002313211990       0.64263791955791627        6.1232339957367660E-017
  0.82999998331069946               40          32 -0.15249416938965477      -0.98830437027373264        6.1232339957367660E-017
  0.82999998331069946               40          33 -0.34334178585515840       0.93921052916041703        6.1232339957367660E-017
  0.82999998331069946               40          34 -0.30037060437345087       0.95382257261417747        6.1232339957367660E-017
  0.82999998331069946               40          35  0.98833911354247239       0.15226883017242820        6.1232339957367660E-017
  0.82999998331069946               40          36 -0.99419033543380331       0.10763631789513067        6.1232339957367660E-017
  0.82999998331069946               40          37  0.65299659486929340      -0.75736084338253706        6.1232339957367660E-017
  0.82999998331069946               40          38 -0.93974392376905547      -0.34187915663160806        6.1232339957367660E-017
  0.82999998331069946               40          39  0.93004155806891642       0.36745435126657883        6.1232339957367660E-017
  0.82999998331069946               40          40  0.99927191189113018        3.8152930496166408E-002   6.1232339957367660E-017
