           1           1 -0.59385881546579611      -0.80456926817618479        6.1232339957367660E-017
           1           2 -0.12166649506646698      -0.99257103724531548        6.1232339957367660E-017
           1           3  0.26408651469839622       0.96449899572495867        6.1232339957367660E-017
           1           4 -0.66589494514382075      -0.74604552276111669        6.1232339957367660E-017
           1           5  0.45775812341965216      -0.88907676858824658        6.1232339957367660E-017
           1           6  0.58732151013046485      -0.80935371979009918        6.1232339957367660E-017
           1           7 -0.13741899015675638       0.99051300907373108        6.1232339957367660E-017
           1           8 -0.86469963136334826      -0.50228930659540183        6.1232339957367660E-017
           1           9  0.93448141354112790      -0.35601192079223337        6.1232339957367660E-017
           1          10  0.64630019830296759      -0.76308325474586636        6.1232339957367660E-017
           1          11 -0.75548523467993534       0.65516567384181779        6.1232339957367660E-017
           1          12 -0.77232946441930961       0.63522216459265834        6.1232339957367660E-017
           1          13  0.43984092646248063       0.89807569803921694        6.1232339957367660E-017
           1          14  -9.5313690892956604E-002  0.99544728656436743        6.1232339957367660E-017
           1          15 -0.87171840798339939      -0.49000716033838482        6.1232339957367660E-017
           1          16  0.95001141344688678      -0.31221517311086666        6.1232339957367660E-017
           1          17  0.98193434683080039      -0.18922192926288819        6.1232339957367660E-017
           1          18  0.97271457662916894       0.23200506980050364        6.1232339957367660E-017
           1          19 -0.51758691849673566       0.85563063397768402        6.1232339957367660E-017
           1          20  0.95228837152926460      -0.30519970093389903        6.1232339957367660E-017
           1          21  0.99182778609122957       0.12758386550567477        6.1232339957367660E-017
           1          22  0.98932801692536432      -0.14570543890509391        6.1232339957367660E-017
           1          23  0.82907077414855035      -0.55914367693171974        6.1232339957367660E-017
           1          24  0.60981263403709218      -0.79254561469277174        6.1232339957367660E-017
           1          25  0.60622428184500876       0.79529373196417397        6.1232339957367660E-017
           1          26  0.37477494480031259      -0.92711581841209179        6.1232339957367660E-017
           1          27  0.70549216583327778      -0.70871771809929429        6.1232339957367660E-017
           1          28  0.85323274938700078      -0.52153032066553862        6.1232339957367660E-017
           1          29  0.12325125130045074       0.99237549801114755        6.1232339957367660E-017
           1          30  0.88601394665546751      -0.46365858811414501        6.1232339957367660E-017
           1          31 -0.98906796721129409      -0.14746035479585168        6.1232339957367660E-017
           1          32  0.97028857727803652       0.24195056685976937        6.1232339957367660E-017
           1          33 -0.36709872748509798       0.93018198449487388        6.1232339957367660E-017
           1          34 -0.66181712759041811       0.74966531841080142        6.1232339957367660E-017
           1          35  0.99382324191876192      -0.11097460890709204        6.1232339957367660E-017
           1          36 -0.88155745799640761       0.47207673979016601        6.1232339957367660E-017
           1          37  0.49070729198331742      -0.87132448237978444        6.1232339957367660E-017
           1          38   5.7092390143765923E-002 -0.99836889924900607        6.1232339957367660E-017
           1          39 -0.91483157535695725       0.40383559616495901        6.1232339957367660E-017
           1          40 -0.99982912284081082       -1.8485808594020926E-002   6.1232339957367660E-017
           2           1 -0.59493547358821464       0.80377346451992726        6.1232339957367660E-017
           2           2 -0.74966407735676688      -0.66181853337665553        6.1232339957367660E-017
           2           3  0.82547429186104726      -0.56443971642373159        6.1232339957367660E-017
           2           4   9.3160150516538413E-003  0.99995660499021521        6.1232339957367660E-017
           2           5  0.94523743107912073      -0.32638351503552449        6.1232339957367660E-017
           2           6  0.92654085892273885      -0.37619414767738396        6.1232339957367660E-017
           2           7 -0.27134855706633643      -0.96248114816759767        6.1232339957367660E-017
           2           8  0.84937145418640203       0.52779554072886670        6.1232339957367660E-017
           2           9 -0.49015501431509401      -0.87163528034480686        6.1232339957367660E-017
           2          10 -0.63095676774197740       0.77581799234137150        6.1232339957367660E-017
           2          11  0.97448637623245404      -0.22444665855686069        6.1232339957367660E-017
           2          12 -0.68715941990560669       0.72650666317315360        6.1232339957367660E-017
           2          13  0.96370186145143155      -0.26698075255539633        6.1232339957367660E-017
           2          14 -0.80948967677290973      -0.58713411006182403        6.1232339957367660E-017
           2          15  0.71400073657423813      -0.70014494797252191        6.1232339957367660E-017
           2          16  -8.4929458533134466E-002 -0.99638696653121095        6.1232339957367660E-017
           2          17  0.34597846231003976       0.93824245460199696        6.1232339957367660E-017
           2          18  0.79582932153228236      -0.60552100788450525        6.1232339957367660E-017
           2          19  0.17760421867577292       0.98410199751274163        6.1232339957367660E-017
           2          20  0.76962691001571470       0.63849386792643748        6.1232339957367660E-017
           2          21  0.43091911029487390       0.90239055867328000        6.1232339957367660E-017
           2          22  0.88829131047011867       0.45928046740883649        6.1232339957367660E-017
           2          23  0.99998728962454175       -5.0418835134080986E-003   6.1232339957367660E-017
           2          24 -0.51019970839223261      -0.86005596187485422        6.1232339957367660E-017
           2          25 -0.74453478851297283       0.66758366419044646        6.1232339957367660E-017
           2          26  0.49305259436359578       0.86999950528223147        6.1232339957367660E-017
           2          27  0.16302810600018194       0.98662142519509144        6.1232339957367660E-017
           2          28  0.40239093206140197      -0.91546793378837477        6.1232339957367660E-017
           2          29 -0.25661396650286861      -0.96651397930690308        6.1232339957367660E-017
           2          30 -0.86276321038579995       0.50560819099851217        6.1232339957367660E-017
           2          31 -0.23247044194954131      -0.97260346165319855        6.1232339957367660E-017
           2          32  0.94557141460895477       0.32541465835825562        6.1232339957367660E-017
           2          33  0.94306935652869706      -0.33259613463861726        6.1232339957367660E-017
           2          34 -0.19713489497408515      -0.98037637322793347        6.1232339957367660E-017
           2          35   2.5176503984412422E-002  0.99968302158590394        6.1232339957367660E-017
           2          36 -0.93249145389127674      -0.36119203814554496        6.1232339957367660E-017
           2          37  0.40343598402439795      -0.91500787253130544        6.1232339957367660E-017
           2          38  0.56407482495459604      -0.82572367766247434        6.1232339957367660E-017
           2          39 -0.99773405535098358       -6.7281162243829018E-002   6.1232339957367660E-017
           2          40 -0.98822499330793745       0.15300772072522043        6.1232339957367660E-017
           3           1 -0.78593591343428493       0.61830796531681220        6.1232339957367660E-017
           3           2   1.5668012638112936E-002 -0.99987724915610110        6.1232339957367660E-017
           3           3 -0.87056628318927975      -0.49205116255731257        6.1232339957367660E-017
           3           4 -0.19298118810886872       0.98120245670100592        6.1232339957367660E-017
           3           5  0.11173474970892947       0.99373806695098632        6.1232339957367660E-017
           3           6  0.44500242061950396      -0.89552936615321677        6.1232339957367660E-017
           3           7  0.15978162347329747      -0.98715238580486520        6.1232339957367660E-017
           3           8  0.81166273410247780       0.58412636138877561        6.1232339957367660E-017
           3           9  0.89385717438449397      -0.44835181699349480        6.1232339957367660E-017
           3          10  0.99244866162507628       0.12266072736860295        6.1232339957367660E-017
           3          11  0.91791533989437935      -0.39677629564603040        6.1232339957367660E-017
           3          12 -0.86953745961726692      -0.49386699254186833        6.1232339957367660E-017
           3          13 -0.13486798506032013      -0.99086357618280085        6.1232339957367660E-017
           3          14 -0.98629611983118837       0.16498473870616701        6.1232339957367660E-017
           3          15  0.37923410836801902      -0.92530075707864501        6.1232339957367660E-017
           3          16 -0.81197314451913216      -0.58369479403170332        6.1232339957367660E-017
           3          17  0.89725906356398266      -0.44150444261896732        6.1232339957367660E-017
           3          18 -0.41388544051535275      -0.91032897467311913        6.1232339957367660E-017
           3          19 -0.68594866877847682      -0.72764993217964058        6.1232339957367660E-017
           3          20  0.81510199153525742       0.57931748065741728        6.1232339957367660E-017
           3          21  0.67353116255489343       0.73915882803863853        6.1232339957367660E-017
           3          22  0.94351565675282945       0.33132794247131780        6.1232339957367660E-017
           3          23  0.41943827093319747       0.90778386022035529        6.1232339957367660E-017
           3          24  0.47570996782054231      -0.87960219788048422        6.1232339957367660E-017
           3          25  0.43661913090436505       0.89964644973918328        6.1232339957367660E-017
           3          26 -0.96399496362509729      -0.26592049583559263        6.1232339957367660E-017
           3          27 -0.99841965360960239        5.6197822787733553E-002   6.1232339957367660E-017
           3          28  0.76102921089813569      -0.64871761203142997        6.1232339957367660E-017
           3          29 -0.67732952442760908       0.73567976412204583        6.1232339957367660E-017
           3          30  0.88985400095155220       0.45624539119920432        6.1232339957367660E-017
           3          31 -0.56768932086523771      -0.82324287726986445        6.1232339957367660E-017
           3          32 -0.46232801807893070      -0.88670897350777267        6.1232339957367660E-017
           3          33  0.98898920338648799       0.14798768727485351        6.1232339957367660E-017
           3          34 -0.97080293205920709      -0.23987844235205152        6.1232339957367660E-017
           3          35  0.69515380364305202      -0.71886103614022445        6.1232339957367660E-017
           3          36  0.49475404329174888       0.86903304692426186        6.1232339957367660E-017
           3          37 -0.87990368735573277      -0.47515208194617520        6.1232339957367660E-017
           3          38  0.99885299631333546       -4.7882060898335604E-002   6.1232339957367660E-017
           3          39  0.56046288649182852       0.82817954144330796        6.1232339957367660E-017
           3          40 -0.44418656953470598      -0.89593431201455265        6.1232339957367660E-017
           4           1  0.99154796416580060      -0.12974064420472162        6.1232339957367660E-017
           4           2  0.34677290328135307       0.93794912098142158        6.1232339957367660E-017
           4           3 -0.54600499349439313      -0.83778192095508230        6.1232339957367660E-017
           4           4 -0.95843657726092524       0.28530567356497205        6.1232339957367660E-017
           4           5  0.33724726805428851      -0.94141610363851269        6.1232339957367660E-017
           4           6  -2.4894518226928883E-002 -0.99969008345699273        6.1232339957367660E-017
           4           7 -0.53365884833112365      -0.84569984840834567        6.1232339957367660E-017
           4           8 -0.35932992617301784      -0.93321058939367674        6.1232339957367660E-017
           4           9 -0.93758876654346812       0.34774603499033313        6.1232339957367660E-017
           4          10 -0.41481014520748549      -0.90990798624528224        6.1232339957367660E-017
           4          11  0.93464583179380090      -0.35558004599593901        6.1232339957367660E-017
           4          12  0.49872092936512402      -0.86676261722180137        6.1232339957367660E-017
           4          13 -0.73640170880059530       0.67654454640885497        6.1232339957367660E-017
           4          14   5.1537148063525696E-002 -0.99867107816812151        6.1232339957367660E-017
           4          15  -5.9313053255172596E-002 -0.99823943105526991        6.1232339957367660E-017
           4          16 -0.97906995170254996       0.20352402726254809        6.1232339957367660E-017
           4          17 -0.47358710302459750       0.88074698741963875        6.1232339957367660E-017
           4          18  0.56147584755422664      -0.82749312541752440        6.1232339957367660E-017
           4          19 -0.75160376089098646       0.65961487749635006        6.1232339957367660E-017
           4          20 -0.99982211756372097       -1.8860891558906766E-002   6.1232339957367660E-017
           4          21  0.43677948333982725       0.89956860935305738        6.1232339957367660E-017
           4          22 -0.97998391828045806      -0.19907666842621352        6.1232339957367660E-017
           4          23   2.2512397603136877E-002  0.99974656386214111        6.1232339957367660E-017
           4          24  0.77540145174140263      -0.63146859671509026        6.1232339957367660E-017
           4          25  0.98189734657670080       0.18941383472606846        6.1232339957367660E-017
           4          26  0.13593929764426774       0.99071716819483002        6.1232339957367660E-017
           4          27 -0.95580816733418172       0.29399106662834651        6.1232339957367660E-017
           4          28  0.99905275354627054        4.3515464281273689E-002   6.1232339957367660E-017
           4          29 -0.75359335405415617      -0.65734089841223731        6.1232339957367660E-017
           4          30   7.1763355808116366E-002  0.99742168653140773        6.1232339957367660E-017
           4          31   9.9386538167498414E-002  0.99504890132650281        6.1232339957367660E-017
           4          32 -0.96560466149713420       0.26001468746016038        6.1232339957367660E-017
           4          33 -0.96829809355613949      -0.24979752203644018        6.1232339957367660E-017
           4          34   3.8227588848072772E-002  0.99926905858775728        6.1232339957367660E-017
           4          35 -0.92608520845458220       0.37731444006509096        6.1232339957367660E-017
           4          36 -0.16234222277805987       0.98673451480298324        6.1232339957367660E-017
           4          37 -0.96300150777284266       0.26949600373146831        6.1232339957367660E-017
           4          38  0.87885019343025572      -0.47709782802649836        6.1232339957367660E-017
           4          39  0.19386365389069712       0.98102848261411246        6.1232339957367660E-017
           4          40  0.73476224040106985      -0.67832473792483827        6.1232339957367660E-017
           5           1  0.74161961967931933       0.67082064645231487        6.1232339957367660E-017
           5           2 -0.99874350179660010       -5.0114046125459881E-002   6.1232339957367660E-017
           5           3  0.60781766577002772      -0.79407662424848835        6.1232339957367660E-017
           5           4  0.22241053461293153      -0.97495310353533926        6.1232339957367660E-017
           5           5  0.61680076332114742       0.78711931647397004        6.1232339957367660E-017
           5           6  0.90486108206352012       0.42570696748683307        6.1232339957367660E-017
           5           7 -0.62664814876125619      -0.77930231467261180        6.1232339957367660E-017
           5           8 -0.75529985432109714       0.65537937872848073        6.1232339957367660E-017
           5           9  0.66548817059848908      -0.74640839678655568        6.1232339957367660E-017
           5          10  0.62440891839364110      -0.78109762682425510        6.1232339957367660E-017
           5          11 -0.99874375209561550       -5.0109057564193309E-002   6.1232339957367660E-017
           5          12  0.62364643550714383       0.78170654562900643        6.1232339957367660E-017
           5          13  0.45915188201094487       0.88835778222842587        6.1232339957367660E-017
           5          14  0.98094353480329854       0.19429303005411633        6.1232339957367660E-017
           5          15  0.47021998203847648       0.88254924423044800        6.1232339957367660E-017
           5          16  0.20717224358658076      -0.97830448301502859        6.1232339957367660E-017
           5          17  0.70325172237243372      -0.71094093635139999        6.1232339957367660E-017
           5          18  0.98514210111082379      -0.17174120244994048        6.1232339957367660E-017
           5          19  0.12770544164945644      -0.99181213955724357        6.1232339957367660E-017
           5          20  0.89011654171810495      -0.45573297242990995        6.1232339957367660E-017
           5          21  0.70072741148587303       0.71342910985767038        6.1232339957367660E-017
           5          22  0.49494970503366409      -0.86892162447892207        6.1232339957367660E-017
           5          23 -0.76173979378906376       0.64788308093219615        6.1232339957367660E-017
           5          24  0.63713903367367852      -0.77074889021611381        6.1232339957367660E-017
           5          25  0.93492846991326883      -0.35483623848986151        6.1232339957367660E-017
           5          26  0.69587998876904023       0.71815808930262737        6.1232339957367660E-017
           5          27 -0.72482114104270678      -0.68893708965155054        6.1232339957367660E-017
           5          28   2.1218566979573417E-002 -0.99977486086385137        6.1232339957367660E-017
           5          29 -0.87713582575683235       0.48024237961042121        6.1232339957367660E-017
           5          30 -0.85577382828310433       0.51735012788795154        6.1232339957367660E-017
           5          31  0.51304844124704096       0.85835965476831533        6.1232339957367660E-017
           5          32  0.17690605784048435       0.98422774127705792        6.1232339957367660E-017
           5          33  0.96197764720490420      -0.27312818653173976        6.1232339957367660E-017
           5          34  0.80391069572734886      -0.59475002588917125        6.1232339957367660E-017
           5          35  0.83754074430854397       0.54637487279622421        6.1232339957367660E-017
           5          36 -0.66084458609148167      -0.75052277316120009        6.1232339957367660E-017
           5          37  0.94271458686950005      -0.33360037125798875        6.1232339957367660E-017
           5          38 -0.94432064420654926       0.32902662646863068        6.1232339957367660E-017
           5          39  0.98894313663901834       0.14829522074085821        6.1232339957367660E-017
           5          40  0.93630651234727180       0.35118387624731312        6.1232339957367660E-017
           6           1  0.37971904984550603       0.92510185557290181        6.1232339957367660E-017
           6           2 -0.91992290856040160       0.39209927608422201        6.1232339957367660E-017
           6           3 -0.28872041827575251       0.95741345304454262        6.1232339957367660E-017
           6           4 -0.25846740585905281       0.96601997914561355        6.1232339957367660E-017
           6           5 -0.84693360735754675      -0.53169865970146357        6.1232339957367660E-017
           6           6 -0.25686692045055426       0.96644678341761203        6.1232339957367660E-017
           6           7 -0.45925344955324193       0.88830527921061453        6.1232339957367660E-017
           6           8  -2.1531417097230346E-002 -0.99976817216682046        6.1232339957367660E-017
           6           9 -0.37907808170191942       0.92536468917567460        6.1232339957367660E-017
           6          10  0.95188995319464942       0.30644007082476693        6.1232339957367660E-017
           6          11 -0.31019225174869181      -0.95067384888566075        6.1232339957367660E-017
           6          12  0.87017553855570173       0.49274185137787363        6.1232339957367660E-017
           6          13 -0.99724826790827581        7.4134284605328310E-002   6.1232339957367660E-017
           6          14  0.93858897626533166      -0.34503729310495784        6.1232339957367660E-017
           6          15 -0.32611234905753372      -0.94533101916322271        6.1232339957367660E-017
           6          16 -0.62286502149538425       0.78232932004211275        6.1232339957367660E-017
           6          17  0.98523519410542038       0.17120634420504011        6.1232339957367660E-017
           6          18 -0.99512997255181213        9.8571485374978882E-002   6.1232339957367660E-017
           6          19 -0.55884437585949509       0.82927255083609963        6.1232339957367660E-017
           6          20  0.97263677408778026      -0.23233102610739778        6.1232339957367660E-017
           6          21  0.11042814753436062       0.99388411006119293        6.1232339957367660E-017
           6          22 -0.25288268852778073      -0.96749694875124104        6.1232339957367660E-017
           6          23   1.2755537850666326E-002  0.99991864481773729        6.1232339957367660E-017
           6          24 -0.88088251169876941      -0.47333497713909478        6.1232339957367660E-017
           6          25 -0.84426309245118103      -0.53592894186148266        6.1232339957367660E-017
           6          26  0.95267039661300801       0.30400512399828716        6.1232339957367660E-017
           6          27  0.10780268527824222       0.99417230953532409        6.1232339957367660E-017
           6          28   4.8773817105682862E-002  0.99880984915295135        6.1232339957367660E-017
           6          29  0.81054094317848235       0.58568197806602873        6.1232339957367660E-017
           6          30  -4.3251273888195954E-002  0.99906422581686327        6.1232339957367660E-017
           6          31  0.71144914538406379       0.70273758511430517        6.1232339957367660E-017
           6          32  0.55501370651546855       0.83184120214134705        6.1232339957367660E-017
           6          33 -0.74225791472297797      -0.67011430967492125        6.1232339957367660E-017
           6          34  0.44229830833206429       0.89686799834010922        6.1232339957367660E-017
           6          35   7.0113630130383423E-002  0.99753901120203803        6.1232339957367660E-017
           6          36   6.9063447774129760E-002 -0.99761226946221448        6.1232339957367660E-017
           6          37  0.47439919341665221       0.88030983482273428        6.1232339957367660E-017
           6          38   7.4673271693863105E-002  0.99720805376537869        6.1232339957367660E-017
           6          39  0.54960607044172660       0.83542394467336401        6.1232339957367660E-017
           6          40 -0.45865480867023317       0.88861452074770408        6.1232339957367660E-017
           7           1 -0.93814300158427755       0.34624804487309691        6.1232339957367660E-017
           7           2  -4.9671396179680949E-003  0.99998766368591552        6.1232339957367660E-017
           7           3  0.51106630825058952       0.85954128962552656        6.1232339957367660E-017
           7           4 -0.31313686849062772      -0.94970800859626503        6.1232339957367660E-017
           7           5  0.50126104003768890      -0.86529611679490070        6.1232339957367660E-017
           7           6  0.83375016286420189      -0.55214188930375196        6.1232339957367660E-017
           7           7 -0.56693414980030599       0.82376311509450595        6.1232339957367660E-017
           7           8  0.41918011285058770      -0.90790309669621050        6.1232339957367660E-017
           7           9  0.11567359003382913      -0.99328727997930466        6.1232339957367660E-017
           7          10  0.68870815151126186       0.72503867623868223        6.1232339957367660E-017
           7          11  0.94358776056980809       0.33112254242629646        6.1232339957367660E-017
           7          12  0.30885927646801897       0.95110774749218174        6.1232339957367660E-017
           7          13  0.98437498052163852      -0.17608491622800590        6.1232339957367660E-017
           7          14 -0.71696751791774305      -0.69710657596300929        6.1232339957367660E-017
           7          15  0.21010778352460349      -0.97767822891909506        6.1232339957367660E-017
           7          16 -0.67154621138285797      -0.74096267515802017        6.1232339957367660E-017
           7          17  0.71526101027046007       0.69885741549108626        6.1232339957367660E-017
           7          18  0.99084488877322363      -0.13500520875869190        6.1232339957367660E-017
           7          19 -0.97630153631342631       0.21641467185023200        6.1232339957367660E-017
           7          20 -0.79513215456479647       0.60643619349206446        6.1232339957367660E-017
           7          21  0.97977981746344789      -0.20007875772128525        6.1232339957367660E-017
           7          22  0.96247637788903451      -0.27136547681236922        6.1232339957367660E-017
           7          23 -0.82580741744783892      -0.56395222252255628        6.1232339957367660E-017
           7          24  0.93786516203830561      -0.34699991042486283        6.1232339957367660E-017
           7          25 -0.80403407517087577       0.59458322038560307        6.1232339957367660E-017
           7          26  0.62311723110497252      -0.78212845255755292        6.1232339957367660E-017
           7          27 -0.66274193224024924      -0.74884786923009994        6.1232339957367660E-017
           7          28  0.98723872924237221      -0.15924726523211047        6.1232339957367660E-017
           7          29  0.34006647881154917      -0.94040139833409131        6.1232339957367660E-017
           7          30 -0.18264030584342633      -0.98317979977286951        6.1232339957367660E-017
           7          31 -0.43163876352257607       0.90204654969946074        6.1232339957367660E-017
           7          32 -0.21895087283595238      -0.97573588397904820        6.1232339957367660E-017
           7          33 -0.87003692792006904      -0.49298655565381144        6.1232339957367660E-017
           7          34  0.95879825430025378       0.28408785181838725        6.1232339957367660E-017
           7          35 -0.69868241343558224       0.71543195704122009        6.1232339957367660E-017
           7          36 -0.12475126352139290      -0.99218804782652770        6.1232339957367660E-017
           7          37 -0.72640950296841589      -0.68726212902878547        6.1232339957367660E-017
           7          38 -0.96137177911319993      -0.27525316042639847        6.1232339957367660E-017
           7          39 -0.87198103176808606      -0.48953966155630740        6.1232339957367660E-017
           7          40  0.96154608543307096       0.27464363380267404        6.1232339957367660E-017
           8           1  -6.1106981825726166E-002 -0.99813122222088135        6.1232339957367660E-017
           8           2 -0.46202139233438189       0.88686878004888592        6.1232339957367660E-017
           8           3  0.81406674093179821      -0.58077133306378037        6.1232339957367660E-017
           8           4  0.13778692002456611       0.99046189460783585        6.1232339957367660E-017
           8           5 -0.35894793692903632       0.93335758344505271        6.1232339957367660E-017
           8           6  0.47253194682889832       0.88131354195092859        6.1232339957367660E-017
           8           7   7.0344490331695889E-002 -0.99752275797596412        6.1232339957367660E-017
           8           8 -0.91187922446518788       0.41045862153055995        6.1232339957367660E-017
           8           9   5.4657813520018174E-002 -0.99850514441399396        6.1232339957367660E-017
           8          10   7.1957496297345422E-002  0.99740769935198392        6.1232339957367660E-017
           8          11  0.54992743691598334      -0.83521243652559263        6.1232339957367660E-017
           8          12 -0.98329276504597973       0.18203114625863234        6.1232339957367660E-017
           8          13  0.55800512170263827      -0.82983750466800665        6.1232339957367660E-017
           8          14 -0.68016027365358711       0.73306343664343088        6.1232339957367660E-017
           8          15 -0.96332498290565949       0.26833743180892777        6.1232339957367660E-017
           8          16 -0.68229819844687800      -0.73107398284725233        6.1232339957367660E-017
           8          17 -0.96118984255024453      -0.27588781520436179        6.1232339957367660E-017
           8          18   4.7411374871355411E-002 -0.99887544845831899        6.1232339957367660E-017
           8          19 -0.94264445775360772       0.33379848152202085        6.1232339957367660E-017
           8          20 -0.91940168025485813       0.39331990840096520        6.1232339957367660E-017
           8          21 -0.57458893818928292       0.81844214951975225        6.1232339957367660E-017
           8          22 -0.95572282027394440      -0.29426839926777371        6.1232339957367660E-017
           8          23 -0.55441180149048774       0.83224248531787415        6.1232339957367660E-017
           8          24 -0.46223426292627318      -0.88675785092493253        6.1232339957367660E-017
           8          25  0.85362181296823514      -0.52089327162560217        6.1232339957367660E-017
           8          26 -0.99816937927889382       -6.0480494954883945E-002   6.1232339957367660E-017
           8          27  0.46127439088487165      -0.88725753663397566        6.1232339957367660E-017
           8          28   9.5815124081277736E-002  0.99539914707482513        6.1232339957367660E-017
           8          29  0.16877920411839856       0.98565388461526393        6.1232339957367660E-017
           8          30 -0.98810521210250113       0.15377935432258527        6.1232339957367660E-017
           8          31  0.42532428339406669      -0.90504102335492154        6.1232339957367660E-017
           8          32 -0.99999864424880547       -1.6466634601695106E-003   6.1232339957367660E-017
           8          33 -0.55694145971360576       0.83055175061646702        6.1232339957367660E-017
           8          34 -0.85762578724502880      -0.51427425470496246        6.1232339957367660E-017
           8          35  0.29672707424462097      -0.95496232564967043        6.1232339957367660E-017
           8          36 -0.71945640324228033       0.69453760433376199        6.1232339957367660E-017
           8          37  0.22956416339816693       0.97329352966271165        6.1232339957367660E-017
           8          38 -0.51741807149332553      -0.85573274992378767        6.1232339957367660E-017
           8          39  0.75019323810413197      -0.66121865181106099        6.1232339957367660E-017
           8          40 -0.75266331309264933       0.65840560228813105        6.1232339957367660E-017
           9           1  0.77416940837379877       0.63297845708851930        6.1232339957367660E-017
           9           2 -0.96743141133879773      -0.25313329365182685        6.1232339957367660E-017
           9           3  0.25624990147634452       0.96661056687445934        6.1232339957367660E-017
           9           4  0.99182906582101704      -0.12757391658410658        6.1232339957367660E-017
           9           5 -0.10923983718528241       0.99401542139532872        6.1232339957367660E-017
           9           6 -0.59380521167852629      -0.80460883078886258        6.1232339957367660E-017
           9           7  0.90602525282634683       0.42322363029603438        6.1232339957367660E-017
           9           8  0.48630903581312734       0.87378688573730978        6.1232339957367660E-017
           9           9 -0.40640537163838952      -0.91369287723143744        6.1232339957367660E-017
           9          10  0.82278940997494832      -0.56834636167840158        6.1232339957367660E-017
           9          11 -0.86340832398311451       0.50450576416594994        6.1232339957367660E-017
           9          12  0.72155379195962033       0.69235837924350496        6.1232339957367660E-017
           9          13  0.80854650095102965      -0.58843228650359314        6.1232339957367660E-017
           9          14 -0.54690156221977371      -0.83719691903492510        6.1232339957367660E-017
           9          15 -0.12645414794930990       0.99197245348165497        6.1232339957367660E-017
           9          16 -0.89370764733516594       0.44864979783194214        6.1232339957367660E-017
           9          17 -0.88621997859376100      -0.46326466468021688        6.1232339957367660E-017
           9          18 -0.94022944444510326       0.34054161536947647        6.1232339957367660E-017
           9          19  0.25897560931695468       0.96588386143413330        6.1232339957367660E-017
           9          20  0.99846944141043525        5.5306189251596111E-002   6.1232339957367660E-017
           9          21 -0.13349013751391142      -0.99105014161066396        6.1232339957367660E-017
           9          22 -0.14979299858399026      -0.98871738003092502        6.1232339957367660E-017
           9          23  0.98316847470002577       0.18270125986436081        6.1232339957367660E-017
           9          24 -0.77347578158786068      -0.63382585565520122        6.1232339957367660E-017
           9          25 -0.83952669728170348      -0.54331843752193332        6.1232339957367660E-017
           9          26  0.46516347233979799      -0.88522479856857939        6.1232339957367660E-017
           9          27  0.38797200600760967      -0.92167115749297013        6.1232339957367660E-017
           9          28  0.26134568157768140      -0.96524527179401254        6.1232339957367660E-017
           9          29  0.79149552672819101       0.61117495954044410        6.1232339957367660E-017
           9          30 -0.72841248811235271      -0.68513885246858652        6.1232339957367660E-017
           9          31  0.98627257851242345      -0.16512540953607238        6.1232339957367660E-017
           9          32 -0.99958720417112079        2.8730145446239624E-002   6.1232339957367660E-017
           9          33 -0.29981910240115200      -0.95399607223267302        6.1232339957367660E-017
           9          34 -0.41556769366463342       0.90956225294493032        6.1232339957367660E-017
           9          35  0.78835905764868119      -0.61521540636047412        6.1232339957367660E-017
           9          36  0.96913134840372006      -0.24654498482262277        6.1232339957367660E-017
           9          37 -0.10310662955152908      -0.99467030866640616        6.1232339957367660E-017
           9          38 -0.15644272984910484      -0.98768703154256310        6.1232339957367660E-017
           9          39 -0.15930241468317580      -0.98722983173935208        6.1232339957367660E-017
           9          40  -5.0285818020389360E-002 -0.99873486797348787        6.1232339957367660E-017
          10           1 -0.33897831271524503      -0.94079418764612144        6.1232339957367660E-017
          10           2  0.98360204377590965       0.18035248675816318        6.1232339957367660E-017
          10           3  0.41093908518917083      -0.91166280403660616        6.1232339957367660E-017
          10           4 -0.15548736616855069      -0.98783788091061131        6.1232339957367660E-017
          10           5 -0.13033232747173099       0.99147036487017681        6.1232339957367660E-017
          10           6 -0.18951806319567113      -0.98187723454745690        6.1232339957367660E-017
          10           7 -0.36790372736682520      -0.92986388648532681        6.1232339957367660E-017
          10           8 -0.84633018592425058       0.53265863026278237        6.1232339957367660E-017
          10           9  0.92138645232731275       0.38864766237260273        6.1232339957367660E-017
          10          10 -0.88482807404027264       0.46591767447713534        6.1232339957367660E-017
          10          11  0.30849106417608790      -0.95122724063364839        6.1232339957367660E-017
          10          12  0.43444158316190939       0.90070001155755175        6.1232339957367660E-017
          10          13 -0.77182598456232032      -0.63583382227937901        6.1232339957367660E-017
          10          14  0.65040767277627298      -0.75958532054914851        6.1232339957367660E-017
          10          15 -0.42703149255147271       0.90423675238803558        6.1232339957367660E-017
          10          16  0.34206825492495468       0.93967510820101874        6.1232339957367660E-017
          10          17 -0.86938058808283136       0.49414308966609094        6.1232339957367660E-017
          10          18 -0.26602556367523761       0.96396597422900365        6.1232339957367660E-017
          10          19   1.7243376031635173E-004 -0.99999998513329902        6.1232339957367660E-017
          10          20 -0.83282184735255094       0.55354111913414739        6.1232339957367660E-017
          10          21 -0.49136356407743559       0.87095456132746663        6.1232339957367660E-017
          10          22 -0.25290690463630822      -0.96749061886267473        6.1232339957367660E-017
          10          23 -0.93390383966980972      -0.35752429043351219        6.1232339957367660E-017
          10          24  0.70938160779068304       0.70482461260111062        6.1232339957367660E-017
          10          25 -0.92097329367159531      -0.38962570801179625        6.1232339957367660E-017
          10          26  0.55030844164025960      -0.83496144764861391        6.1232339957367660E-017
          10          27  0.97696334345901059      -0.21340718248782353        6.1232339957367660E-017
          10          28 -0.95206542026983298       0.30589448430206517        6.1232339957367660E-017
          10          29  0.91107832063918615      -0.41223330003928638        6.1232339957367660E-017
          10          30  0.52475739698836132       0.85125182778423403        6.1232339957367660E-017
          10          31  0.99374085307726323       0.11170996788681409        6.1232339957367660E-017
          10          32  0.71185515039705316       0.70232630938416996        6.1232339957367660E-017
          10          33   6.2995274278288230E-002  0.99801382526426119        6.1232339957367660E-017
          10          34 -0.29969995296242613      -0.95403350999549252        6.1232339957367660E-017
          10          35  0.93543032347763944      -0.35351111710739574        6.1232339957367660E-017
          10          36  0.84804823170254429       0.52991904731400974        6.1232339957367660E-017
          10          37  0.99676576773313419        8.0361709012288063E-002   6.1232339957367660E-017
          10          38 -0.55024148767982406       0.83500557197895031        6.1232339957367660E-017
          10          39 -0.36277579050098385       0.93187645416459919        6.1232339957367660E-017
          10          40  0.41029534801006984      -0.91195270019957486        6.1232339957367660E-017
          11           1  0.39914069925141832      -0.91688968922171266        6.1232339957367660E-017
          11           2  0.59229833622706618       0.80571873560359097        6.1232339957367660E-017
          11           3 -0.35417413968933886      -0.93517949013829249        6.1232339957367660E-017
          11           4  0.17369738596214715      -0.98479907499444619        6.1232339957367660E-017
          11           5 -0.77209619626801818      -0.63550567559106652        6.1232339957367660E-017
          11           6 -0.98570894066637094      -0.16845736638799982        6.1232339957367660E-017
          11           7 -0.69775335945824624       0.71633808314561309        6.1232339957367660E-017
          11           8 -0.69910257935188347       0.71502138677353100        6.1232339957367660E-017
          11           9  0.12566599337043860       0.99207260727742141        6.1232339957367660E-017
          11          10  0.26933844579731664       0.96304558646799576        6.1232339957367660E-017
          11          11  0.94757266412076846      -0.31954036710730210        6.1232339957367660E-017
          11          12  0.22133760790067700       0.97519724329430202        6.1232339957367660E-017
          11          13  0.97649492286517825       0.21554040367998190        6.1232339957367660E-017
          11          14   7.4584503879481137E-002 -0.99721469693394094        6.1232339957367660E-017
          11          15 -0.66258721367329998       0.74898476905518763        6.1232339957367660E-017
          11          16 -0.65762254050306868       0.75334759190050504        6.1232339957367660E-017
          11          17  0.41049113893180605       0.91186458690886152        6.1232339957367660E-017
          11          18 -0.52062796588094828      -0.85378365007926105        6.1232339957367660E-017
          11          19 -0.80624585670819293       0.59158061034898024        6.1232339957367660E-017
          11          20 -0.35216567408972516       0.93593767847700704        6.1232339957367660E-017
          11          21 -0.55275321597528837       0.83334499592244282        6.1232339957367660E-017
          11          22  0.59501202054990721      -0.80371680049698901        6.1232339957367660E-017
          11          23  0.58840832897925388      -0.80856393586892195        6.1232339957367660E-017
          11          24  0.67635474080143987      -0.73657604128522747        6.1232339957367660E-017
          11          25  0.68510787285040575       0.72844162604727103        6.1232339957367660E-017
          11          26 -0.98523256855331054       0.17122145269167158        6.1232339957367660E-017
          11          27 -0.34993276069347584       0.93677481979045663        6.1232339957367660E-017
          11          28  0.98489243416060790      -0.17316724035796349        6.1232339957367660E-017
          11          29 -0.82842039841735648      -0.56010681435421628        6.1232339957367660E-017
          11          30 -0.31559718038194073      -0.94889326045397160        6.1232339957367660E-017
          11          31 -0.93935423498488135      -0.34294842355078448        6.1232339957367660E-017
          11          32 -0.55059504606905552       0.83477248112537505        6.1232339957367660E-017
          11          33 -0.57075193179840289       0.82112254405075935        6.1232339957367660E-017
          11          34  0.74931138329212588      -0.66221782735655865        6.1232339957367660E-017
          11          35  0.28505944535969335      -0.95850983960062919        6.1232339957367660E-017
          11          36  0.76147222671893688      -0.64819753774270383        6.1232339957367660E-017
          11          37   9.7914608766300204E-002 -0.99519481981677460        6.1232339957367660E-017
          11          38  0.83014781479512045      -0.55754336655625847        6.1232339957367660E-017
          11          39  0.91686489114702874      -0.39919765953966602        6.1232339957367660E-017
          11          40  0.28663312154235177       0.95804042380000198        6.1232339957367660E-017
          12           1  0.99908018677058608        4.2881002815358941E-002   6.1232339957367660E-017
          12           2  0.76150199964920195      -0.64816256026576147        6.1232339957367660E-017
          12           3  0.43726066393693996       0.89933481628002510        6.1232339957367660E-017
          12           4  0.38427771137827627       0.92321754778485132        6.1232339957367660E-017
          12           5 -0.99170029692915151       0.12857107400435297        6.1232339957367660E-017
          12           6  0.36534155164276377      -0.93087354170330661        6.1232339957367660E-017
          12           7 -0.12700073718782823       0.99190262261662976        6.1232339957367660E-017
          12           8  -4.5438478316481290E-002 -0.99896713894315992        6.1232339957367660E-017
          12           9  0.99929150517450127        3.7636254942271144E-002   6.1232339957367660E-017
          12          10  0.97592768956421705       0.21809434825746654        6.1232339957367660E-017
          12          11  0.92123687444829361      -0.38900208374344092        6.1232339957367660E-017
          12          12  0.77450338327303625      -0.63256976634883544        6.1232339957367660E-017
          12          13  0.64437137780473364       0.76471270910455591        6.1232339957367660E-017
          12          14 -0.19004251332171881       0.98177586196156008        6.1232339957367660E-017
          12          15 -0.83928091613826294      -0.54369802630331310        6.1232339957367660E-017
          12          16  0.55406697843194841      -0.83247209167112068        6.1232339957367660E-017
          12          17 -0.40392337574889547      -0.91479282163975062        6.1232339957367660E-017
          12          18  0.25338813353937389       0.96736469533544189        6.1232339957367660E-017
          12          19 -0.81465285381906716       0.57994890099425978        6.1232339957367660E-017
          12          20  0.67230201249958865      -0.74027697788665758        6.1232339957367660E-017
          12          21  0.61665635739200408      -0.78723245416333354        6.1232339957367660E-017
          12          22  0.99879268418272493        4.9124067655961681E-002   6.1232339957367660E-017
          12          23 -0.74130002859749311      -0.67117379835729274        6.1232339957367660E-017
          12          24 -0.99489753625730004       0.10089049682281495        6.1232339957367660E-017
          12          25 -0.85956376428630588      -0.51102850715586889        6.1232339957367660E-017
          12          26 -0.98146917413020374      -0.19162009349798326        6.1232339957367660E-017
          12          27 -0.74628381908410624      -0.66562787003943957        6.1232339957367660E-017
          12          28 -0.81417874401503576       0.58061430639805878        6.1232339957367660E-017
          12          29  0.73618054841983449       0.67678519496829403        6.1232339957367660E-017
          12          30  0.97722413592639124      -0.21220977395708740        6.1232339957367660E-017
          12          31 -0.65070465384336540       0.75933092487174914        6.1232339957367660E-017
          12          32 -0.55675727007599563      -0.83067523269778842        6.1232339957367660E-017
          12          33 -0.70518973775980986       0.70901864133339298        6.1232339957367660E-017
          12          34 -0.56794206064019404       0.82306853648755773        6.1232339957367660E-017
          12          35 -0.42177268330877521      -0.90670160671221689        6.1232339957367660E-017
          12          36  0.79883171664239261       0.60155455985817952        6.1232339957367660E-017
          12          37 -0.70178056286722879      -0.71239317906739918        6.1232339957367660E-017
          12          38  0.14823543888653179      -0.98895209927383099        6.1232339957367660E-017
          12          39 -0.41002104491399777       0.91207606192007551        6.1232339957367660E-017
          12          40 -0.77909278387463632       0.62690863298766997        6.1232339957367660E-017
          13           1 -0.17362876854821702       0.98481117516630046        6.1232339957367660E-017
          13           2  0.35949100144517637       0.93314855188225210        6.1232339957367660E-017
          13           3  0.77613123123698324       0.63057141696921570        6.1232339957367660E-017
          13           4 -0.76018215709546244       0.64971000302726567        6.1232339957367660E-017
          13           5 -0.89476472000977147       0.44653789965224150        6.1232339957367660E-017
          13           6 -0.82186458132693119       0.56968290299104840        6.1232339957367660E-017
          13           7  0.99375085430984766      -0.11162096379465582        6.1232339957367660E-017
          13           8 -0.53891712802214653      -0.84235878883309656        6.1232339957367660E-017
          13           9 -0.14132053151967178      -0.98996389195313450        6.1232339957367660E-017
          13          10  0.75946691702505542      -0.65054592608397577        6.1232339957367660E-017
          13          11  0.84349067494777796       0.53714381805633948        6.1232339957367660E-017
          13          12 -0.78006674893194694       0.62569630589507463        6.1232339957367660E-017
          13          13 -0.98213618656865909       0.18817149367630598        6.1232339957367660E-017
          13          14  0.75099035480490262      -0.66031317341849727        6.1232339957367660E-017
          13          15 -0.90375151095656214      -0.42805748030344121        6.1232339957367660E-017
          13          16  -8.2394214023712269E-003 -0.99996605539135885        6.1232339957367660E-017
          13          17  0.82776762942251447      -0.56107107542648349        6.1232339957367660E-017
          13          18  0.24026430904222396      -0.97070750579176146        6.1232339957367660E-017
          13          19  0.50668364759817530      -0.86213205557884698        6.1232339957367660E-017
          13          20  0.47144662858355052      -0.88189459483387456        6.1232339957367660E-017
          13          21 -0.22274124493438163       0.97487760144803914        6.1232339957367660E-017
          13          22  0.44174901164101621      -0.89713867975591455        6.1232339957367660E-017
          13          23 -0.79659916616833715       0.60450787295113861        6.1232339957367660E-017
          13          24  0.64099093284080988      -0.76754845059831134        6.1232339957367660E-017
          13          25  0.94880497111155349      -0.31586251248605657        6.1232339957367660E-017
          13          26  0.73373108697630141       0.67943998410792339        6.1232339957367660E-017
          13          27  -2.0626953610195412E-002 -0.99978724175934697        6.1232339957367660E-017
          13          28  0.75225854903832412      -0.65886802578267178        6.1232339957367660E-017
          13          29 -0.68134397992448648      -0.73196337409781709        6.1232339957367660E-017
          13          30 -0.95344377763014732      -0.30157082567508764        6.1232339957367660E-017
          13          31  0.99384553553869692      -0.11077477822049860        6.1232339957367660E-017
          13          32 -0.66920656438119064       0.74307642553718756        6.1232339957367660E-017
          13          33  0.94589896086885528       0.32446133179043035        6.1232339957367660E-017
          13          34 -0.82600186065455694       0.56366738968580565        6.1232339957367660E-017
          13          35 -0.29403844361718406       0.95579359365669747        6.1232339957367660E-017
          13          36  0.22843877412853286      -0.97355828098509500        6.1232339957367660E-017
          13          37 -0.15757872739627438       0.98750642766119279        6.1232339957367660E-017
          13          38  0.92800909776756935      -0.37255753174593298        6.1232339957367660E-017
          13          39  0.85072561462841612       0.52561005376143988        6.1232339957367660E-017
          13          40  0.79519457581676001       0.60635434078730155        6.1232339957367660E-017
          14           1 -0.53588488689258695       0.84429105644920766        6.1232339957367660E-017
          14           2  0.74245786301245875      -0.66989276877047499        6.1232339957367660E-017
          14           3  0.83246003551997705       0.55408509207709111        6.1232339957367660E-017
          14           4  0.62650224747805616       0.77941961349772593        6.1232339957367660E-017
          14           5  -4.5877867191760027E-002 -0.99894705630575598        6.1232339957367660E-017
          14           6  0.99947623271000408        3.2361400584921901E-002   6.1232339957367660E-017
          14           7  0.93504189761777912       0.35453723316365893        6.1232339957367660E-017
          14           8  0.92228832381730741       0.38650258440308205        6.1232339957367660E-017
          14           9  0.97947847591699566      -0.20154879115320748        6.1232339957367660E-017
          14          10   8.5563502738468647E-002 -0.99633271902468612        6.1232339957367660E-017
          14          11   3.5563787737702926E-002 -0.99936740841481697        6.1232339957367660E-017
          14          12  0.32438009341167212      -0.94592682327875388        6.1232339957367660E-017
          14          13 -0.63336121358211461      -0.77385630005175443        6.1232339957367660E-017
          14          14  0.67862836293538442       0.73448182075504098        6.1232339957367660E-017
          14          15 -0.97265608219127397      -0.23225017928157057        6.1232339957367660E-017
          14          16 -0.59052663451540077       0.80701814968928320        6.1232339957367660E-017
          14          17  0.90899440416566635      -0.41680831709012861        6.1232339957367660E-017
          14          18 -0.23603380657577630       0.97174484416092943        6.1232339957367660E-017
          14          19  0.90415683057720919       0.42720068553383189        6.1232339957367660E-017
          14          20  0.10438130196453332      -0.99453735163652290        6.1232339957367660E-017
          14          21 -0.17513514716938156      -0.98454440236383400        6.1232339957367660E-017
          14          22 -0.25246487064773354      -0.96760606089917767        6.1232339957367660E-017
          14          23  0.81790533834370061       0.57535281133307825        6.1232339957367660E-017
          14          24 -0.31229689614975525      -0.94998455179820107        6.1232339957367660E-017
          14          25  0.90610163399201737      -0.42306007714861987        6.1232339957367660E-017
          14          26  0.99989587292778992        1.4430637614915320E-002   6.1232339957367660E-017
          14          27  0.95154309815667881       0.30751541806938565        6.1232339957367660E-017
          14          28  0.80181487854284461      -0.59757250651893556        6.1232339957367660E-017
          14          29 -0.99084890523891345      -0.13497572739884287        6.1232339957367660E-017
          14          30  0.60262345906587023      -0.79802566787258500        6.1232339957367660E-017
          14          31  0.77724734538687956      -0.62919517169877326        6.1232339957367660E-017
          14          32 -0.63027993535954063       0.77636795598683317        6.1232339957367660E-017
          14          33   8.5714566689050864E-002 -0.99631973435103061        6.1232339957367660E-017
          14          34 -0.99381551239933641      -0.11104380808691838        6.1232339957367660E-017
          14          35 -0.56190058360480100      -0.82720477159200678        6.1232339957367660E-017
          14          36  0.25551366312042978       0.96680544472958962        6.1232339957367660E-017
          14          37 -0.33796567436911473       0.94115843668759058        6.1232339957367660E-017
          14          38  0.25498451443416792       0.96694513670568283        6.1232339957367660E-017
          14          39  0.83314791455292947       0.55305022599769782        6.1232339957367660E-017
          14          40  0.74435812040663896       0.66778064406262605        6.1232339957367660E-017
          15           1  0.99191414432955416       0.12691071774664386        6.1232339957367660E-017
          15           2  0.99731659920600957        7.3209295503780011E-002   6.1232339957367660E-017
          15           3 -0.32708780756373068       0.94499395032092770        6.1232339957367660E-017
          15           4  0.69996216983127990       0.71417992187199342        6.1232339957367660E-017
          15           5   3.1157438589790122E-002 -0.99951448914986896        6.1232339957367660E-017
          15           6  0.49722864291442093      -0.86761954603701918        6.1232339957367660E-017
          15           7 -0.78622848680428747       0.61793589193171194        6.1232339957367660E-017
          15           8 -0.70980611670451432       0.70439710156193680        6.1232339957367660E-017
          15           9  0.42707997907106604       0.90421385273432842        6.1232339957367660E-017
          15          10  0.95309566220691255      -0.30266922321631379        6.1232339957367660E-017
          15          11  0.89593784136947563       0.44417945067529208        6.1232339957367660E-017
          15          12 -0.54002729615634359       0.84164750305936797        6.1232339957367660E-017
          15          13  0.89142195285030679      -0.45317425122853727        6.1232339957367660E-017
          15          14 -0.94818268184995336       0.31772567072842917        6.1232339957367660E-017
          15          15 -0.61478850436853028      -0.78869201523554533        6.1232339957367660E-017
          15          16 -0.88593652346230500       0.46380650749587882        6.1232339957367660E-017
          15          17  0.74508878077518237       0.66696529802003357        6.1232339957367660E-017
          15          18 -0.64581450932450790       0.76349434807727634        6.1232339957367660E-017
          15          19  0.62750634686796170      -0.77861144651258840        6.1232339957367660E-017
          15          20 -0.97227717699081839       0.23383133045587526        6.1232339957367660E-017
          15          21 -0.42549834088474880       0.90495920455251799        6.1232339957367660E-017
          15          22  0.95263839864971966      -0.30410537880494298        6.1232339957367660E-017
          15          23 -0.98460453871639853      -0.17479674579084165        6.1232339957367660E-017
          15          24  0.40421575405115140       0.91466366724433690        6.1232339957367660E-017
          15          25 -0.40952477859764480       0.91229899469118680        6.1232339957367660E-017
          15          26 -0.30701507999211947      -0.95170464990848525        6.1232339957367660E-017
          15          27 -0.14035589322310690      -0.99010111768321107        6.1232339957367660E-017
          15          28  0.54542572262594002       0.83815916215118180        6.1232339957367660E-017
          15          29  0.26337588597895806      -0.96469328943701005        6.1232339957367660E-017
          15          30 -0.99911951516794939        4.1954670902794283E-002   6.1232339957367660E-017
          15          31 -0.64820529396294790       0.76146562422633912        6.1232339957367660E-017
          15          32  0.53483954193513294       0.84495364629227865        6.1232339957367660E-017
          15          33 -0.11181645826564676       0.99372887633444917        6.1232339957367660E-017
          15          34 -0.89923976147600460      -0.43745611366236320        6.1232339957367660E-017
          15          35 -0.25891341429426623      -0.96590053519939911        6.1232339957367660E-017
          15          36 -0.96166894723315988       0.27421312136268389        6.1232339957367660E-017
          15          37  0.89567993775088706      -0.44469927941314125        6.1232339957367660E-017
          15          38  0.55942938889036953      -0.82887801204142675        6.1232339957367660E-017
          15          39 -0.99772815326842457       -6.7368629016621079E-002   6.1232339957367660E-017
          15          40 -0.58730397143654023       0.80936644675626845        6.1232339957367660E-017
          16           1  0.99950198618607211        3.1555975822287877E-002   6.1232339957367660E-017
          16           2 -0.87589617663153374      -0.48249962462395862        6.1232339957367660E-017
          16           3 -0.81232629034052140       0.58320322188891149        6.1232339957367660E-017
          16           4 -0.38462386659623865      -0.92307338887249846        6.1232339957367660E-017
          16           5  0.10810268904713570      -0.99413973294541358        6.1232339957367660E-017
          16           6  0.14250549429380466       0.98979401094171027        6.1232339957367660E-017
          16           7  0.32572466590099725      -0.94546466989712719        6.1232339957367660E-017
          16           8 -0.98081863629765598       0.19492255562455169        6.1232339957367660E-017
          16           9 -0.48619950103638349      -0.87384783869502802        6.1232339957367660E-017
          16          10  0.40461862046902392      -0.91448552310561149        6.1232339957367660E-017
          16          11 -0.98187115337861852       0.18954956650686744        6.1232339957367660E-017
          16          12 -0.99004079799458711       0.14078074550960826        6.1232339957367660E-017
          16          13 -0.99399494249885034       0.10942602198155220        6.1232339957367660E-017
          16          14 -0.66161151370853322       0.74984678763618329        6.1232339957367660E-017
          16          15 -0.59295201604854264      -0.80523779510401072        6.1232339957367660E-017
          16          16  0.47534958764084112       0.87979700472875122        6.1232339957367660E-017
          16          17  0.37367384068040327       0.92756016559097476        6.1232339957367660E-017
          16          18  0.94412635355445063       0.32958372005300351        6.1232339957367660E-017
          16          19  0.99996111118143083        8.8190773212422826E-003   6.1232339957367660E-017
          16          20  0.32710783493211210       0.94498701807274899        6.1232339957367660E-017
          16          21  0.16406141170329303       0.98645012706670709        6.1232339957367660E-017
          16          22  0.29116874885687077       0.95667170946418423        6.1232339957367660E-017
          16          23 -0.16111401109887552      -0.98693580106693435        6.1232339957367660E-017
          16          24 -0.57907990406442267       0.81527079225784793        6.1232339957367660E-017
          16          25 -0.53113689556564891      -0.84728601910387080        6.1232339957367660E-017
          16          26 -0.44276980455943793       0.89663532172806859        6.1232339957367660E-017
          16          27  0.61812899154415835       0.78607668189089652        6.1232339957367660E-017
          16          28 -0.75656041293812004      -0.65392380410480655        6.1232339957367660E-017
          16          29  0.20018875923970164       0.97975734785408408        6.1232339957367660E-017
          16          30  0.99835951321206706        5.7256286807340441E-002   6.1232339957367660E-017
          16          31   2.0179226387268077E-002  0.99979637868038485        6.1232339957367660E-017
          16          32 -0.27644381746680130       0.96103008058248718        6.1232339957367660E-017
          16          33  0.67804981365029449       0.73501595234987993        6.1232339957367660E-017
          16          34 -0.48649286816113735      -0.87368454789377514        6.1232339957367660E-017
          16          35   9.2317149265572315E-002  0.99572965404846614        6.1232339957367660E-017
          16          36 -0.75058775261560784      -0.66077078145409185        6.1232339957367660E-017
          16          37 -0.87160989344895456       0.49020015671346145        6.1232339957367660E-017
          16          38  0.42414126722747386       0.90559603876931383        6.1232339957367660E-017
          16          39  0.14179750745993461       0.98989568484671642        6.1232339957367660E-017
          16          40  0.96090747229613360       0.27686969802680694        6.1232339957367660E-017
          17           1  0.34134143707492648       0.93993937215951540        6.1232339957367660E-017
          17           2  0.98352177063486812      -0.18078973059124179        6.1232339957367660E-017
          17           3  0.49245613009338868      -0.87033726792171973        6.1232339957367660E-017
          17           4 -0.82206663598997054       0.56939129427146429        6.1232339957367660E-017
          17           5  0.15167720822197747       0.98843008073711869        6.1232339957367660E-017
          17           6  0.69981527135545440       0.71432386630833755        6.1232339957367660E-017
          17           7   8.2108440772329649E-002  0.99662340126746818        6.1232339957367660E-017
          17           8 -0.72766741608199204      -0.68593012149384214        6.1232339957367660E-017
          17           9  0.96989505462562675      -0.24352326996152229        6.1232339957367660E-017
          17          10  0.97013299549779763      -0.24257364046093322        6.1232339957367660E-017
          17          11  -3.1706554703204069E-002  0.99949722080096493        6.1232339957367660E-017
          17          12  0.99926824053826102        3.8248966673206188E-002   6.1232339957367660E-017
          17          13   3.4336660127093506E-003  0.99999410495148078        6.1232339957367660E-017
          17          14  0.12632833297884685       0.99198848394867245        6.1232339957367660E-017
          17          15 -0.44626790624147306       0.89489941102832993        6.1232339957367660E-017
          17          16 -0.40253413947093603      -0.91540497407453114        6.1232339957367660E-017
          17          17 -0.76460239642599026      -0.64450226949145240        6.1232339957367660E-017
          17          18 -0.99943815160355032        3.3516878125486309E-002   6.1232339957367660E-017
          17          19  0.98367819680022561      -0.17993666980317444        6.1232339957367660E-017
          17          20  0.94222862271930341      -0.33497048008516311        6.1232339957367660E-017
          17          21 -0.77983911110817261      -0.62598000030832879        6.1232339957367660E-017
          17          22 -0.74994189108700005      -0.66150371124647067        6.1232339957367660E-017
          17          23 -0.51840749706540024       0.85513371292821039        6.1232339957367660E-017
          17          24 -0.60216916447138069      -0.79836852227517041        6.1232339957367660E-017
          17          25 -0.75429765404153315       0.65653259561688138        6.1232339957367660E-017
          17          26 -0.85910125403546977      -0.51180566166728092        6.1232339957367660E-017
          17          27 -0.62070602880952896       0.78404338260041717        6.1232339957367660E-017
          17          28 -0.33482042050495686       0.94228195674802340        6.1232339957367660E-017
          17          29 -0.60038564376148973      -0.79971062189088216        6.1232339957367660E-017
          17          30  0.98979423779559172       0.14250391863609796        6.1232339957367660E-017
          17          31  0.68448960650178670       0.72902261871016683        6.1232339957367660E-017
          17          32 -0.28254612738513624      -0.95925371299758977        6.1232339957367660E-017
          17          33 -0.46058185898444293      -0.88761723235549828        6.1232339957367660E-017
          17          34  0.19239041972985310      -0.98131846329118411        6.1232339957367660E-017
          17          35 -0.85457340429775164       0.51933062365602090        6.1232339957367660E-017
          17          36  0.46241304843945658      -0.88666463368791748        6.1232339957367660E-017
          17          37  0.82951862326721726      -0.55847905390700237        6.1232339957367660E-017
          17          38 -0.26952264939948423      -0.96299405058426124        6.1232339957367660E-017
          17          39  0.82399342866644498       0.56659935537778039        6.1232339957367660E-017
          17          40 -0.79720033727529938       0.60371485177039408        6.1232339957367660E-017
          18           1 -0.46371175743399423       0.88598612066864602        6.1232339957367660E-017
          18           2  -5.8144368283137210E-002  0.99830818509964891        6.1232339957367660E-017
          18           3  0.41308227796428626      -0.91069370901079372        6.1232339957367660E-017
          18           4  0.11397676589686724       0.99348341548094843        6.1232339957367660E-017
          18           5  0.83048819306445509       0.55703622968397337        6.1232339957367660E-017
          18           6 -0.21682485109029570      -0.97621052235143990        6.1232339957367660E-017
          18           7 -0.64214101210684826       0.76658653821365308        6.1232339957367660E-017
          18           8  0.11665985984271746       0.99317192726208159        6.1232339957367660E-017
          18           9 -0.34846516837402569      -0.93732173048002143        6.1232339957367660E-017
          18          10  0.76801331932257944       0.64043386960959026        6.1232339957367660E-017
          18          11 -0.65794389344107074       0.75306695126237277        6.1232339957367660E-017
          18          12  0.95218237340334655      -0.30553024036905080        6.1232339957367660E-017
          18          13 -0.17019873956617565       0.98540975692860133        6.1232339957367660E-017
          18          14  0.87221384134159363      -0.48912474377416376        6.1232339957367660E-017
          18          15  0.94653215612977393      -0.32260948128088440        6.1232339957367660E-017
          18          16  0.23094057295897299      -0.97296785751708226        6.1232339957367660E-017
          18          17 -0.56568488236779357       0.82462149733106982        6.1232339957367660E-017
          18          18 -0.21776720740584185       0.97600073943550936        6.1232339957367660E-017
          18          19  0.95117060176308610       0.30866565461944218        6.1232339957367660E-017
          18          20 -0.98811272513507886       0.15373107176536596        6.1232339957367660E-017
          18          21 -0.63973297814273122       0.76859723957130610        6.1232339957367660E-017
          18          22  0.93940537323805040       0.34280832068588896        6.1232339957367660E-017
          18          23  0.67329245529317883      -0.73937627068041811        6.1232339957367660E-017
          18          24  0.96685663304828418      -0.25531989959761353        6.1232339957367660E-017
          18          25   4.7490065932188300E-003  0.99998872340460798        6.1232339957367660E-017
          18          26 -0.18994703080676412      -0.98179433971055985        6.1232339957367660E-017
          18          27  0.50417261510481481      -0.86360290306272836        6.1232339957367660E-017
          18          28  0.99210677623298849      -0.12539595110124946        6.1232339957367660E-017
          18          29 -0.88805044830680879      -0.45974601821231242        6.1232339957367660E-017
          18          30  0.33481328871168409       0.94228449085298360        6.1232339957367660E-017
          18          31  0.71721129816111762      -0.69685576254347248        6.1232339957367660E-017
          18          32 -0.12183732591480627      -0.99255008237062237        6.1232339957367660E-017
          18          33  0.54460242224451405      -0.83869434342041915        6.1232339957367660E-017
          18          34  0.83906686022807386       0.54402831182485523        6.1232339957367660E-017
          18          35 -0.26599847827675793       0.96397344857337697        6.1232339957367660E-017
          18          36  0.55210558425048883       0.83377420434997052        6.1232339957367660E-017
          18          37  0.90195081944600686       0.43183876539824056        6.1232339957367660E-017
          18          38 -0.85212301503572763      -0.52334153976769426        6.1232339957367660E-017
          18          39 -0.80748616287555974       0.58988651176688645        6.1232339957367660E-017
          18          40  0.87136444951839487      -0.49063631756679482        6.1232339957367660E-017
          19           1  -7.7151776171971512E-003  0.99997023757426651        6.1232339957367660E-017
          19           2 -0.89265185940514136      -0.45074677802569352        6.1232339957367660E-017
          19           3  0.76389400640607619       0.64534172883587315        6.1232339957367660E-017
          19           4 -0.36138140823399972      -0.93241808100380119        6.1232339957367660E-017
          19           5 -0.37041308940211842      -0.92886712892618728        6.1232339957367660E-017
          19           6 -0.32905627798879356       0.94431031230002027        6.1232339957367660E-017
          19           7   1.3413168642868546E-002 -0.99991003940702483        6.1232339957367660E-017
          19           8  0.62463984294447661       0.78091296993090054        6.1232339957367660E-017
          19           9  0.99997010970158173        7.7317335317821151E-003   6.1232339957367660E-017
          19          10  -9.1475688550604950E-002  0.99580730987686206        6.1232339957367660E-017
          19          11 -0.96722038252746301      -0.25393844061785553        6.1232339957367660E-017
          19          12  0.99710662417684204       -7.6015656431170892E-002   6.1232339957367660E-017
          19          13  0.38134309464834054      -0.92443358017979138        6.1232339957367660E-017
          19          14  0.13232075993231812       0.99120694937582732        6.1232339957367660E-017
          19          15  0.99219257608165157      -0.12471524352883274        6.1232339957367660E-017
          19          16  0.74866692616281627       0.66294632789534336        6.1232339957367660E-017
          19          17  0.89638745232358341      -0.44327140141998278        6.1232339957367660E-017
          19          18  0.22526077234494474      -0.97429850889886871        6.1232339957367660E-017
          19          19  0.54771072863679038       0.83666777022672278        6.1232339957367660E-017
          19          20  0.48034640333287992      -0.87707886350382780        6.1232339957367660E-017
          19          21 -0.97970633975878962      -0.20043823945653433        6.1232339957367660E-017
          19          22 -0.95333631426407794      -0.30191037064894466        6.1232339957367660E-017
          19          23 -0.91310572211520713      -0.40772287186331119        6.1232339957367660E-017
          19          24 -0.15339730341199714       0.98816459525016764        6.1232339957367660E-017
          19          25  -2.2398664957160662E-002 -0.99974911843328818        6.1232339957367660E-017
          19          26  0.92877915028455749      -0.37063363311590514        6.1232339957367660E-017
          19          27  0.91802027271806308      -0.39653345240805732        6.1232339957367660E-017
          19          28 -0.75386869966938386       0.65702510123951297        6.1232339957367660E-017
          19          29 -0.25728721418452499      -0.96633497785041722        6.1232339957367660E-017
          19          30  0.95392796329511986       0.30003573261134153        6.1232339957367660E-017
          19          31 -0.81888141755715749      -0.57396273744867821        6.1232339957367660E-017
          19          32 -0.99766043790092074       -6.8364103499885087E-002   6.1232339957367660E-017
          19          33 -0.73822096611535826       0.67455897087482808        6.1232339957367660E-017
          19          34  0.99990060102706824        1.4099222166765001E-002   6.1232339957367660E-017
          19          35  0.90946431325611188      -0.41578198964552188        6.1232339957367660E-017
          19          36 -0.15923382402799541      -0.98724089729175091        6.1232339957367660E-017
          19          37  0.98995582947876548       0.14137699841561685        6.1232339957367660E-017
          19          38 -0.93068247143882910      -0.36582801609022919        6.1232339957367660E-017
          19          39 -0.10019169421020349       0.99496815246081571        6.1232339957367660E-017
          19          40 -0.98190121511437289       0.18939377961516565        6.1232339957367660E-017
          20           1  0.95765756441035532       0.28790968953410739        6.1232339957367660E-017
          20           2  0.96718792029620415      -0.25406205311518554        6.1232339957367660E-017
          20           3  0.92519200743339547      -0.37949934042283107        6.1232339957367660E-017
          20           4 -0.65817602200563829      -0.75286408073226174        6.1232339957367660E-017
          20           5 -0.77260955206128723       0.63488146930246525        6.1232339957367660E-017
          20           6 -0.56593568887692525      -0.82444938962643433        6.1232339957367660E-017
          20           7  0.67219593673102285       0.74037329952011555        6.1232339957367660E-017
          20           8 -0.77074826550341569      -0.63713978938964122        6.1232339957367660E-017
          20           9  0.44754039519555744      -0.89426371651107717        6.1232339957367660E-017
          20          10  0.59170762491126905       0.80615264474035253        6.1232339957367660E-017
          20          11 -0.94389103943367292      -0.33025702971597820        6.1232339957367660E-017
          20          12  0.19814802187533007      -0.98017210806413668        6.1232339957367660E-017
          20          13  0.84088619422732047      -0.54121198098147560        6.1232339957367660E-017
          20          14 -0.49591231158172128       0.86837260391013826        6.1232339957367660E-017
          20          15 -0.84087164641281931       0.54123458339152219        6.1232339957367660E-017
          20          16  0.96068203183233014       0.27765092060806484        6.1232339957367660E-017
          20          17  0.35555148774135859       0.93465669610018121        6.1232339957367660E-017
          20          18  0.86790222606680878      -0.49673506619553032        6.1232339957367660E-017
          20          19  0.63812348882969527       0.76993403159219931        6.1232339957367660E-017
          20          20 -0.99400706223591440       0.10931587361919119        6.1232339957367660E-017
          20          21 -0.42034805247185481      -0.90736294545408824        6.1232339957367660E-017
          20          22  0.77448457776857760      -0.63259279066286245        6.1232339957367660E-017
          20          23   3.8498536833131182E-002  0.99925865653578805        6.1232339957367660E-017
          20          24  0.61835865823316893      -0.78589602988440843        6.1232339957367660E-017
          20          25 -0.68584211702254083      -0.72775036277424110        6.1232339957367660E-017
          20          26  0.81292210277085042      -0.58237243652719251        6.1232339957367660E-017
          20          27 -0.66142543836190415       0.75001092624558674        6.1232339957367660E-017
          20          28 -0.43409955580035564      -0.90086490421923637        6.1232339957367660E-017
          20          29 -0.75290443380430627      -0.65812986070973634        6.1232339957367660E-017
          20          30  0.98174973886783334      -0.19017741777861299        6.1232339957367660E-017
          20          31 -0.98608877329404920      -0.16621952708222104        6.1232339957367660E-017
          20          32  0.99101047176354640      -0.13378432215694461        6.1232339957367660E-017
          20          33  0.81240630589021490      -0.58309175448621686        6.1232339957367660E-017
          20          34  0.57850656071349238       0.81567772999601151        6.1232339957367660E-017
          20          35  0.99922384204779158       -3.9391794618296769E-002   6.1232339957367660E-017
          20          36  0.78103999207593733      -0.62448100914120663        6.1232339957367660E-017
          20          37  0.81429670244808983       0.58044886112573868        6.1232339957367660E-017
          20          38  0.95184249684627154      -0.30658744461809850        6.1232339957367660E-017
          20          39 -0.40656828226252251      -0.91362039811844276        6.1232339957367660E-017
          20          40  0.66908783139444605      -0.74318333799936420        6.1232339957367660E-017
          21           1 -0.78380681063339486       0.62100473718378790        6.1232339957367660E-017
          21           2  0.91878692633028236       0.39475382709297741        6.1232339957367660E-017
          21           3 -0.99892515340686361        4.6352323470069227E-002   6.1232339957367660E-017
          21           4 -0.74520370309260331       0.66683689227356879        6.1232339957367660E-017
          21           5  0.98686349726992317       0.16155629902970742        6.1232339957367660E-017
          21           6  0.53219016744061065      -0.84662484352842771        6.1232339957367660E-017
          21           7  0.20641433263764586       0.97846467656311198        6.1232339957367660E-017
          21           8 -0.23130885550989191      -0.97288036950218293        6.1232339957367660E-017
          21           9  0.48784901810606496       0.87292802425683891        6.1232339957367660E-017
          21          10 -0.47202981125733107      -0.88158258676335499        6.1232339957367660E-017
          21          11 -0.84488232814032882       0.53495219561768104        6.1232339957367660E-017
          21          12  0.90000869582840448       0.43587193925883144        6.1232339957367660E-017
          21          13  0.91310767362229772       0.40771850138554583        6.1232339957367660E-017
          21          14 -0.35104252097310296      -0.93635951881147050        6.1232339957367660E-017
          21          15  0.46165913040696427       0.88705740925369969        6.1232339957367660E-017
          21          16 -0.82772243453546734       0.56113774723028487        6.1232339957367660E-017
          21          17 -0.67350797410304253       0.73917995699262251        6.1232339957367660E-017
          21          18  0.98785450443294054      -0.15538171730145589        6.1232339957367660E-017
          21          19   4.3383589476565697E-002 -0.99905848886045145        6.1232339957367660E-017
          21          20 -0.23079749412252834      -0.97300180714465345        6.1232339957367660E-017
          21          21 -0.77060378346692016       0.63731452902508667        6.1232339957367660E-017
          21          22  0.63695987806769638       0.77089695402951575        6.1232339957367660E-017
          21          23 -0.25329568268207081       0.96738890686973644        6.1232339957367660E-017
          21          24 -0.15375254134991401       0.98810938464749087        6.1232339957367660E-017
          21          25 -0.52776854875421242       0.84938822628164123        6.1232339957367660E-017
          21          26  0.85150655655972241      -0.52434395594476368        6.1232339957367660E-017
          21          27  0.75724466224886278      -0.65313132025313692        6.1232339957367660E-017
          21          28 -0.18642870822665902      -0.98246849147895798        6.1232339957367660E-017
          21          29  0.95410143613697052      -0.29948363821980389        6.1232339957367660E-017
          21          30 -0.98443438618082968       0.17575249444822424        6.1232339957367660E-017
          21          31  0.63719445156231702       0.77070307570308683        6.1232339957367660E-017
          21          32 -0.59755075283544479       0.80183109055822543        6.1232339957367660E-017
          21          33 -0.92224452527652512      -0.38660708167010693        6.1232339957367660E-017
          21          34  0.95793206417969456       0.28699505294765881        6.1232339957367660E-017
          21          35  0.88998771633999885       0.45598450057421230        6.1232339957367660E-017
          21          36   1.3680625201238866E-002 -0.99990641586805673        6.1232339957367660E-017
          21          37  0.97468282279921015      -0.22359202789939436        6.1232339957367660E-017
          21          38 -0.88610096723625820      -0.46349226084473899        6.1232339957367660E-017
          21          39 -0.22091533948682820       0.97529298817299992        6.1232339957367660E-017
          21          40  0.36807358593780531      -0.92979666343501421        6.1232339957367660E-017
          22           1  0.28276680842610002      -0.95918868428089643        6.1232339957367660E-017
          22           2  -5.9138221127130602E-002 -0.99824980380760331        6.1232339957367660E-017
          22           3  0.71134647300044695       0.70284151510125270        6.1232339957367660E-017
          22           4  -1.1184879313835522E-002 -0.99993744728094613        6.1232339957367660E-017
          22           5 -0.67395951716039726      -0.73876827843981241        6.1232339957367660E-017
          22           6 -0.99217428245693084       0.12486069530110097        6.1232339957367660E-017
          22           7 -0.26979278447834670      -0.96291840435387899        6.1232339957367660E-017
          22           8  0.98324614150569778      -0.18228281656304665        6.1232339957367660E-017
          22           9 -0.94093750913077590       0.33858027690751719        6.1232339957367660E-017
          22          10 -0.89002526809674054       0.45591119985072220        6.1232339957367660E-017
          22          11 -0.53804060645755236      -0.84291892006455116        6.1232339957367660E-017
          22          12 -0.43804546809811967       0.89895281738181299        6.1232339957367660E-017
          22          13  0.14435299041599817      -0.98952625743734501        6.1232339957367660E-017
          22          14   1.1340460859969048E-003 -0.99999935696953068        6.1232339957367660E-017
          22          15  0.63869077538740182       0.76946351013874559        6.1232339957367660E-017
          22          16 -0.95593097603224408      -0.29359150032322318        6.1232339957367660E-017
          22          17  0.85119886455012028      -0.52484330327116313        6.1232339957367660E-017
          22          18 -0.92196978852863654      -0.38726180942672506        6.1232339957367660E-017
          22          19 -0.88911430599877705       0.45768520936153606        6.1232339957367660E-017
          22          20 -0.69262851702192385       0.72129448729905776        6.1232339957367660E-017
          22          21 -0.89921062176736544       0.43751600850797229        6.1232339957367660E-017
          22          22 -0.93904694421230650       0.34378894188953985        6.1232339957367660E-017
          22          23 -0.78635177365936826      -0.61777899613273157        6.1232339957367660E-017
          22          24 -0.97895367968656810       0.20408256424331825        6.1232339957367660E-017
          22          25  0.12061074210621420      -0.99269987855775843        6.1232339957367660E-017
          22          26 -0.87728070625776156      -0.47997766867624492        6.1232339957367660E-017
          22          27 -0.96399378752687270      -0.26592475930156367        6.1232339957367660E-017
          22          28  0.92221037774781045      -0.38668852992329716        6.1232339957367660E-017
          22          29  0.11038569546236825       0.99388882589416871        6.1232339957367660E-017
          22          30 -0.93251351722079434       0.36113507196131367        6.1232339957367660E-017
          22          31 -0.99085262088063741      -0.13494844828293479        6.1232339957367660E-017
          22          32  0.26172629834468308      -0.96514213707349339        6.1232339957367660E-017
          22          33 -0.28864863060723395      -0.95743509860907472        6.1232339957367660E-017
          22          34 -0.71312498786650080       0.70103691178168581        6.1232339957367660E-017
          22          35 -0.78784838822141268       0.61586923707628249        6.1232339957367660E-017
          22          36  0.54858884359843685      -0.83609226804182912        6.1232339957367660E-017
          22          37  0.68939918525178734      -0.72438164207423972        6.1232339957367660E-017
          22          38 -0.94932900766395434      -0.31428400405965889        6.1232339957367660E-017
          22          39 -0.75469345631407747      -0.65607757696533997        6.1232339957367660E-017
          22          40 -0.92729016542356946      -0.37434335723868417        6.1232339957367660E-017
          23           1 -0.76537622265580785       0.64358312422959574        6.1232339957367660E-017
          23           2  0.18624819230543768       0.98250272817074491        6.1232339957367660E-017
          23           3  0.59521552426694302      -0.80356610161929320        6.1232339957367660E-017
          23           4  0.61250838925636431       0.79046408716055794        6.1232339957367660E-017
          23           5 -0.84766308160022186      -0.53053491882440273        6.1232339957367660E-017
          23           6 -0.99041026137016386       0.13815757008822799        6.1232339957367660E-017
          23           7 -0.96279517915978396       0.27023220197948200        6.1232339957367660E-017
          23           8 -0.48209502799937431       0.87611893255327067        6.1232339957367660E-017
          23           9  0.55449913975177390      -0.83218429690456353        6.1232339957367660E-017
          23          10  0.76777480773672280      -0.64071978633786419        6.1232339957367660E-017
          23          11 -0.31818083562661770       0.94803003952403708        6.1232339957367660E-017
          23          12 -0.98374415478549271      -0.17957571641337425        6.1232339957367660E-017
          23          13  0.24003951669082646      -0.97076311756619316        6.1232339957367660E-017
          23          14 -0.64577317319135308      -0.76352931101980015        6.1232339957367660E-017
          23          15 -0.32705006437782069       0.94500701340808224        6.1232339957367660E-017
          23          16  0.20168964492349339      -0.97944948166336543        6.1232339957367660E-017
          23          17 -0.83610484754227687      -0.54856967097744846        6.1232339957367660E-017
          23          18  0.99803512937136230       -6.2656847516358444E-002   6.1232339957367660E-017
          23          19 -0.79679835354382755       0.60424530100766660        6.1232339957367660E-017
          23          20  0.62099039748323115       0.78381817166586443        6.1232339957367660E-017
          23          21  0.62542387765893759       0.78028518712971751        6.1232339957367660E-017
          23          22  -8.7638111676423519E-002  0.99615237859565975        6.1232339957367660E-017
          23          23  0.96971241511050488       0.24424952810712230        6.1232339957367660E-017
          23          24  0.36042771334972801      -0.93278714798687390        6.1232339957367660E-017
          23          25 -0.92740460587928608       0.37405975056651863        6.1232339957367660E-017
          23          26 -0.92332807544585593      -0.38401206373426844        6.1232339957367660E-017
          23          27  0.13110740835923615      -0.99136816948766537        6.1232339957367660E-017
          23          28 -0.96381291408988656      -0.26657956904751884        6.1232339957367660E-017
          23          29 -0.82167918220462555       0.56995027987670788        6.1232339957367660E-017
          23          30 -0.84742050799551738      -0.53092229434128990        6.1232339957367660E-017
          23          31  0.83194322949996058       0.55486075991114736        6.1232339957367660E-017
          23          32  0.29397140328062615      -0.95581421523914334        6.1232339957367660E-017
          23          33  0.76408557626629070       0.64511489840323055        6.1232339957367660E-017
          23          34  0.33127168046776284       0.94353541201168722        6.1232339957367660E-017
          23          35 -0.62917610933371859       0.77726277631421703        6.1232339957367660E-017
          23          36  0.27998892702641071      -0.96000322954800488        6.1232339957367660E-017
          23          37  0.51927385989156660      -0.85460789747890442        6.1232339957367660E-017
          23          38 -0.99090277482807365       0.13457968211444121        6.1232339957367660E-017
          23          39  0.98171688854586414       0.19034692207605378        6.1232339957367660E-017
          23          40  0.99786915968406420        6.5246763532144286E-002   6.1232339957367660E-017
          24           1 -0.80748586042676862      -0.58988692578395152        6.1232339957367660E-017
          24           2  0.53358382726010012      -0.84574718402514570        6.1232339957367660E-017
          24           3  0.28459568112537398       0.95864764031670391        6.1232339957367660E-017
          24           4 -0.55613487750044088       0.83109205147659160        6.1232339957367660E-017
          24           5  0.75385171278947183      -0.65704459142768978        6.1232339957367660E-017
          24           6 -0.99782399127184507       -6.5933924821178866E-002   6.1232339957367660E-017
          24           7  0.21527182458495372      -0.97655416723286015        6.1232339957367660E-017
          24           8 -0.34131095720233845       0.93995044044546494        6.1232339957367660E-017
          24           9 -0.26694412452360894      -0.96371200800982237        6.1232339957367660E-017
          24          10  0.10126283831330363      -0.99485970748479591        6.1232339957367660E-017
          24          11 -0.18860327460118134       0.98205336148791400        6.1232339957367660E-017
          24          12 -0.87561807309623862      -0.48300413048671748        6.1232339957367660E-017
          24          13  0.92649656689123294       0.37630321755036739        6.1232339957367660E-017
          24          14  -7.7680711127679006E-003 -0.99996982808042112        6.1232339957367660E-017
          24          15 -0.67384567594605982       0.73887211681643383        6.1232339957367660E-017
          24          16 -0.32127937749980090       0.94698445689110466        6.1232339957367660E-017
          24          17  0.95374480939837503      -0.30061742887872850        6.1232339957367660E-017
          24          18  0.64741006085796571      -0.76214185890809405        6.1232339957367660E-017
          24          19 -0.93564730905818183      -0.35293641502710266        6.1232339957367660E-017
          24          20  0.45115879384901969       0.89244369163140913        6.1232339957367660E-017
          24          21  -7.5186437243265195E-002  0.99716949394506882        6.1232339957367660E-017
          24          22  0.86982654472045828       0.49335766143809767        6.1232339957367660E-017
          24          23 -0.16961867582080425       0.98550976900931675        6.1232339957367660E-017
          24          24  0.99852715278974491       -5.4254263810371885E-002   6.1232339957367660E-017
          24          25  0.56513846920751087       0.82499606703413519        6.1232339957367660E-017
          24          26 -0.81910212576557606      -0.57364772078891280        6.1232339957367660E-017
          24          27  0.26477416919972147       0.96431044758656292        6.1232339957367660E-017
          24          28 -0.52962978948126549       0.84822891137595069        6.1232339957367660E-017
          24          29 -0.74549675658940440       0.66650925418532514        6.1232339957367660E-017
          24          30  0.99944890815041920       -3.3194577824321878E-002   6.1232339957367660E-017
          24          31  0.59465474302630850      -0.80398117925503398        6.1232339957367660E-017
          24          32 -0.65164677484169220       0.75852256448863864        6.1232339957367660E-017
          24          33 -0.97951737591341259       0.20135965406133946        6.1232339957367660E-017
          24          34 -0.92277260400193239       0.38534493807949888        6.1232339957367660E-017
          24          35  0.87811874552794955      -0.47844275389268898        6.1232339957367660E-017
          24          36 -0.63687014082355586       0.77097109136943909        6.1232339957367660E-017
          24          37  0.84750482369926772       0.53078769183777541        6.1232339957367660E-017
          24          38 -0.97735242493194596      -0.21161814071493262        6.1232339957367660E-017
          24          39  0.49461701884167747       0.86911104277426576        6.1232339957367660E-017
          24          40 -0.13535095434673139      -0.99079771858711352        6.1232339957367660E-017
          25           1   9.5531226813498543E-002 -0.99542643359693228        6.1232339957367660E-017
          25           2 -0.87399721633855387      -0.48593092701788287        6.1232339957367660E-017
          25           3   4.1957223255587664E-002 -0.99911940798719390        6.1232339957367660E-017
          25           4 -0.57410873813037921       0.81877906470692297        6.1232339957367660E-017
          25           5  0.73460465516801865      -0.67849539468258468        6.1232339957367660E-017
          25           6  0.97263537820736612       0.23233686978052781        6.1232339957367660E-017
          25           7 -0.98118376327896351      -0.19307620950736235        6.1232339957367660E-017
          25           8  0.94133082207723950      -0.33748523435461353        6.1232339957367660E-017
          25           9  0.99323226246597551       0.11614505067681305        6.1232339957367660E-017
          25          10  0.70125769474792321      -0.71290788013377193        6.1232339957367660E-017
          25          11  0.30292285394774587      -0.95301508096994592        6.1232339957367660E-017
          25          12  0.83144396390811470      -0.55560861663653272        6.1232339957367660E-017
          25          13  0.43059418369947533      -0.90254564924117964        6.1232339957367660E-017
          25          14 -0.28700871825138796       0.95792796996835594        6.1232339957367660E-017
          25          15 -0.66206715035574304       0.74944451990779537        6.1232339957367660E-017
          25          16  0.69041919024191944       0.72340952561166361        6.1232339957367660E-017
          25          17 -0.86409138507549677       0.50333495630475500        6.1232339957367660E-017
          25          18 -0.93107166124431540       0.36483634910429463        6.1232339957367660E-017
          25          19 -0.68330441555175825      -0.73013360125902305        6.1232339957367660E-017
          25          20  0.51925098786849977       0.85462179447846232        6.1232339957367660E-017
          25          21 -0.82345270291184536       0.56738491878721631        6.1232339957367660E-017
          25          22 -0.47602263334660755       0.87943302902595222        6.1232339957367660E-017
          25          23 -0.98118356413013541       0.19307722154848919        6.1232339957367660E-017
          25          24 -0.87166372813628457      -0.49010442259946330        6.1232339957367660E-017
          25          25  0.98937591849523843       0.14537981944445813        6.1232339957367660E-017
          25          26 -0.81429463423197279      -0.58045176256172881        6.1232339957367660E-017
          25          27 -0.73789439966616754       0.67491618364157346        6.1232339957367660E-017
          25          28  0.58420018113450400      -0.81160960341928723        6.1232339957367660E-017
          25          29  0.93651932017776962      -0.35061597643827946        6.1232339957367660E-017
          25          30  0.30703326534393133      -0.95169878321464874        6.1232339957367660E-017
          25          31  0.49924701273016620      -0.86645970493728397        6.1232339957367660E-017
          25          32  0.98628671560277292      -0.16504094832948252        6.1232339957367660E-017
          25          33 -0.97670944237245028      -0.21456622562858571        6.1232339957367660E-017
          25          34 -0.99116003365671068       0.13267172902177843        6.1232339957367660E-017
          25          35 -0.60474144969052435      -0.79642185996254711        6.1232339957367660E-017
          25          36 -0.96859209128913681       0.24865510389319684        6.1232339957367660E-017
          25          37 -0.21060326157866344      -0.97757161692247851        6.1232339957367660E-017
          25          38  0.97001943565669491       0.24302735329231392        6.1232339957367660E-017
          25          39  0.94563674511916673      -0.32522476271100287        6.1232339957367660E-017
          25          40  0.35441563422270733      -0.93508799490663774        6.1232339957367660E-017
          26           1  0.39171044005300487      -0.92008854527892114        6.1232339957367660E-017
          26           2  0.87744267948260002       0.47968150289790762        6.1232339957367660E-017
          26           3 -0.72201140015177945       0.69188115890726998        6.1232339957367660E-017
          26           4 -0.88933715145261216       0.45725204323890506        6.1232339957367660E-017
          26           5  0.26381410050392368      -0.96457354326941069        6.1232339957367660E-017
          26           6 -0.16131627594525033       0.98690276071918848        6.1232339957367660E-017
          26           7  0.99030912990008246       0.13888062224997952        6.1232339957367660E-017
          26           8  0.88954988685078551       0.45683804439183323        6.1232339957367660E-017
          26           9 -0.13071187353500005       0.99142039827561046        6.1232339957367660E-017
          26          10  0.47083993912745847       0.88221865301208136        6.1232339957367660E-017
          26          11 -0.17517624807221316       0.98453709026696523        6.1232339957367660E-017
          26          12 -0.69193361289658228       0.72196113146337915        6.1232339957367660E-017
          26          13 -0.50340356885784343      -0.86405141447785760        6.1232339957367660E-017
          26          14  0.17596916896216916       0.98439567836046682        6.1232339957367660E-017
          26          15 -0.51679001487161613       0.85611218921879317        6.1232339957367660E-017
          26          16 -0.92755893368646924       0.37367689858809860        6.1232339957367660E-017
          26          17 -0.31137450161567254       0.95028728274327212        6.1232339957367660E-017
          26          18  0.99957908045172383        2.9011410225740195E-002   6.1232339957367660E-017
          26          19  0.46530852156156133       0.88514856366724903        6.1232339957367660E-017
          26          20  0.59946792413056027       0.80039878057040847        6.1232339957367660E-017
          26          21 -0.64878340430934200      -0.76097312323943544        6.1232339957367660E-017
          26          22 -0.23397790177983321       0.97224191510071545        6.1232339957367660E-017
          26          23  0.58303648866631530       0.81244596920881673        6.1232339957367660E-017
          26          24  0.53694689865642853       0.84361604300964022        6.1232339957367660E-017
          26          25  0.47216378789524444      -0.88151083793701290        6.1232339957367660E-017
          26          26  0.99926217187579880       -3.8407184979657366E-002   6.1232339957367660E-017
          26          27  0.77408037099153648       0.63308733935027106        6.1232339957367660E-017
          26          28  0.25705875911869069      -0.96639577521860009        6.1232339957367660E-017
          26          29 -0.99842343686916224       -5.6130568413031851E-002   6.1232339957367660E-017
          26          30 -0.54782127616039455      -0.83659539168345687        6.1232339957367660E-017
          26          31  0.75692184418873987      -0.65350541068143952        6.1232339957367660E-017
          26          32 -0.95515096446008219      -0.29611929199391063        6.1232339957367660E-017
          26          33   2.2369826092774651E-002 -0.99974976413129446        6.1232339957367660E-017
          26          34 -0.82427996861659625       0.56618242054785062        6.1232339957367660E-017
          26          35 -0.98991062998588453      -0.14169313547574972        6.1232339957367660E-017
          26          36  0.39440351736778445       0.91893735667232490        6.1232339957367660E-017
          26          37  0.92298720940488699       0.38483062673724316        6.1232339957367660E-017
          26          38  0.96657735301964287      -0.25637515603026106        6.1232339957367660E-017
          26          39 -0.99999944392749207       -1.0545827168162284E-003   6.1232339957367660E-017
          26          40  0.40725744743132164      -0.91331340267825056        6.1232339957367660E-017
          27           1  -6.2659713469873243E-002  0.99803494944208915        6.1232339957367660E-017
          27           2  0.78574122491212961       0.61855535522181537        6.1232339957367660E-017
          27           3 -0.87837312176845450      -0.47797558405711449        6.1232339957367660E-017
          27           4 -0.23883984449974582       0.97105897281232989        6.1232339957367660E-017
          27           5  -6.5228787567207666E-002 -0.99787033489953603        6.1232339957367660E-017
          27           6 -0.98472772964083533       0.17410140285593875        6.1232339957367660E-017
          27           7 -0.54651723360350990       0.83744785710775249        6.1232339957367660E-017
          27           8 -0.95577550958601143       0.29409722078863676        6.1232339957367660E-017
          27           9 -0.46591738616173983       0.88482822585641574        6.1232339957367660E-017
          27          10  0.87025703386333930      -0.49259790398598197        6.1232339957367660E-017
          27          11  0.97482589481308823       0.22296742991267096        6.1232339957367660E-017
          27          12   3.6817606114436523E-003 -0.99999322229643139        6.1232339957367660E-017
          27          13  0.19059645434121120      -0.98166847336183649        6.1232339957367660E-017
          27          14 -0.99985204148676388        1.7201602679711284E-002   6.1232339957367660E-017
          27          15  0.98165345905222834       0.19067376938319322        6.1232339957367660E-017
          27          16  0.99693406330219281       -7.8246235869717837E-002   6.1232339957367660E-017
          27          17  0.99948490276674995        3.2092509115685577E-002   6.1232339957367660E-017
          27          18 -0.99674569403571900        8.0610305924569997E-002   6.1232339957367660E-017
          27          19  0.48321141186438804      -0.87550370155929369        6.1232339957367660E-017
          27          20 -0.87215551657848422       0.48922873474655726        6.1232339957367660E-017
          27          21 -0.43507652218108483      -0.90039348056658652        6.1232339957367660E-017
          27          22 -0.59021130019165657      -0.80724879753770717        6.1232339957367660E-017
          27          23 -0.98824461599911295       0.15288093062499888        6.1232339957367660E-017
          27          24 -0.78682506938097974      -0.61717607713975475        6.1232339957367660E-017
          27          25  0.56332711835317817      -0.82623396064789323        6.1232339957367660E-017
          27          26  0.73648297488221337      -0.67645607965975529        6.1232339957367660E-017
          27          27  0.79155235141759372      -0.61110136226756862        6.1232339957367660E-017
          27          28  0.65028500657512267      -0.75969033837715261        6.1232339957367660E-017
          27          29 -0.10525032717143734      -0.99444575952150627        6.1232339957367660E-017
          27          30  0.57966517908838622      -0.81485476015817027        6.1232339957367660E-017
          27          31  0.28096790958026691      -0.95971716343206814        6.1232339957367660E-017
          27          32 -0.34863006393311374       0.93726041126358961        6.1232339957367660E-017
          27          33 -0.97090424871566261      -0.23946803508166772        6.1232339957367660E-017
          27          34  0.71242226912942053       0.70175103166898700        6.1232339957367660E-017
          27          35   1.6332865244094719E-002  0.99986660985999443        6.1232339957367660E-017
          27          36  0.93411657861491115      -0.35696809039012511        6.1232339957367660E-017
          27          37  0.38552092153131079      -0.92269909453821886        6.1232339957367660E-017
          27          38 -0.44108046452763328       0.89746756142608697        6.1232339957367660E-017
          27          39 -0.99884917668786599        4.7961674595162200E-002   6.1232339957367660E-017
          27          40  0.78846292976543386      -0.61508227773665247        6.1232339957367660E-017
          28           1  0.98991325714917278       0.14167478011387821        6.1232339957367660E-017
          28           2 -0.74953964032720166      -0.66195946067577971        6.1232339957367660E-017
          28           3  0.98729161531657228       0.15891905589196481        6.1232339957367660E-017
          28           4  0.56261558401782341       0.82671863691360170        6.1232339957367660E-017
          28           5 -0.74673347830370962       0.66512338132142312        6.1232339957367660E-017
          28           6 -0.25411876058456351       0.96717302253473003        6.1232339957367660E-017
          28           7   8.9290699978136462E-002 -0.99600560786444092        6.1232339957367660E-017
          28           8 -0.50776525027979047       0.86149547335334375        6.1232339957367660E-017
          28           9 -0.60808827191567050       0.79386941845533621        6.1232339957367660E-017
          28          10 -0.14026473937286990      -0.99011403529525877        6.1232339957367660E-017
          28          11 -0.82507603854131739       0.56502170810064156        6.1232339957367660E-017
          28          12  0.36472012111812491      -0.93111719630322598        6.1232339957367660E-017
          28          13  -1.4094326398249023E-002 -0.99990067004847016        6.1232339957367660E-017
          28          14  0.96159476668545074      -0.27447314018525321        6.1232339957367660E-017
          28          15 -0.37184224908410846       0.92829593438518943        6.1232339957367660E-017
          28          16 -0.85066463450519536       0.52570874027558501        6.1232339957367660E-017
          28          17 -0.99999883391507505       -1.5271438996063466E-003   6.1232339957367660E-017
          28          18  0.63901665237473348       0.76919290037531485        6.1232339957367660E-017
          28          19  -7.1154890809051019E-002 -0.99746527835005461        6.1232339957367660E-017
          28          20 -0.76584902385071285       0.64302042943199733        6.1232339957367660E-017
          28          21 -0.48939165202391460       0.87206410941472856        6.1232339957367660E-017
          28          22 -0.48122284267427401       0.87659829779009435        6.1232339957367660E-017
          28          23  0.94888968305102139       0.31560793621094524        6.1232339957367660E-017
          28          24 -0.30304099033875653       0.95297752238681144        6.1232339957367660E-017
          28          25  0.78998769890623788       0.61312269210723824        6.1232339957367660E-017
          28          26  0.52309156678406410      -0.85227648844690829        6.1232339957367660E-017
          28          27  0.44780166207514815      -0.89413291598214573        6.1232339957367660E-017
          28          28 -0.48335071034342753      -0.87542680494174041        6.1232339957367660E-017
          28          29 -0.67645255673894755      -0.73648621065254238        6.1232339957367660E-017
          28          30  0.12362921081851848       0.99232848302988375        6.1232339957367660E-017
          28          31  0.98313213684141176       0.18289669627863578        6.1232339957367660E-017
          28          32 -0.45179382893727538      -0.89212237733070898        6.1232339957367660E-017
          28          33 -0.49112297626506835       0.87109024916167044        6.1232339957367660E-017
          28          34  0.98414806336182059       0.17734877891087381        6.1232339957367660E-017
          28          35  0.13665405678985060      -0.99061883121757599        6.1232339957367660E-017
          28          36  0.96763784053011337      -0.25234303948042414        6.1232339957367660E-017
          28          37  0.61969183765811542       0.78484522444868576        6.1232339957367660E-017
          28          38 -0.96492520377821445       0.26252495331600639        6.1232339957367660E-017
          28          39 -0.90344512824167078      -0.42870374415951973        6.1232339957367660E-017
          28          40 -0.13157748946859843       0.99130588834382538        6.1232339957367660E-017
          29           1  0.97733924315531318       0.21167901121414864        6.1232339957367660E-017
          29           2  0.34545490875383866      -0.93843534994046185        6.1232339957367660E-017
          29           3 -0.65135909759525412      -0.75876961324231762        6.1232339957367660E-017
          29           4  0.74159061239737634       0.67085271379348566        6.1232339957367660E-017
          29           5  0.58426326747462254       0.81156418987032541        6.1232339957367660E-017
          29           6  0.16618837166644410      -0.98609402448390071        6.1232339957367660E-017
          29           7 -0.98798053563081734      -0.15457833358735404        6.1232339957367660E-017
          29           8  0.95888554647488011       0.28379307384354985        6.1232339957367660E-017
          29           9  0.92997589461949814      -0.36762050463305790        6.1232339957367660E-017
          29          10 -0.27950619961968115       0.96014388732843736        6.1232339957367660E-017
          29          11  0.62275701484029300      -0.78241529922874531        6.1232339957367660E-017
          29          12  0.99574051656819085       -9.2199911412714219E-002   6.1232339957367660E-017
          29          13  0.85486162118400677      -0.51885605771413312        6.1232339957367660E-017
          29          14 -0.75226885666267485      -0.65885625692971306        6.1232339957367660E-017
          29          15  0.49591902287889322      -0.86836877117204292        6.1232339957367660E-017
          29          16 -0.67617376904884252      -0.73674217610388137        6.1232339957367660E-017
          29          17  0.99997474624219784       -7.1068191092865211E-003   6.1232339957367660E-017
          29          18  0.20242577537266121      -0.97929760821967538        6.1232339957367660E-017
          29          19 -0.97630280683862736      -0.21640894010880829        6.1232339957367660E-017
          29          20  0.74869455112025796      -0.66291512965298616        6.1232339957367660E-017
          29          21 -0.96784143865932559      -0.25156102562568583        6.1232339957367660E-017
          29          22 -0.94300082234853277      -0.33279039807360861        6.1232339957367660E-017
          29          23  0.33110691830590838       0.94359324321974902        6.1232339957367660E-017
          29          24 -0.48422508266315550      -0.87494346635646136        6.1232339957367660E-017
          29          25  0.94288407122950302       0.33312104139738363        6.1232339957367660E-017
          29          26  0.48492715758312388      -0.87455454480458339        6.1232339957367660E-017
          29          27 -0.13454914604339849      -0.99090692161221294        6.1232339957367660E-017
          29          28 -0.50977106415154716      -0.86031009650811330        6.1232339957367660E-017
          29          29  0.58247052788513209       0.81285182176409954        6.1232339957367660E-017
          29          30  0.58390668704101756       0.81182078122500856        6.1232339957367660E-017
          29          31 -0.60683420517129538       0.79482843899430411        6.1232339957367660E-017
          29          32  0.38772404659429183      -0.92177549527666847        6.1232339957367660E-017
          29          33  0.93895981488614155       0.34402683911140253        6.1232339957367660E-017
          29          34 -0.91249020038309914      -0.40909856294640257        6.1232339957367660E-017
          29          35  0.96612440995373949       0.25807678022545694        6.1232339957367660E-017
          29          36  0.80178564070978942      -0.59761173545337321        6.1232339957367660E-017
          29          37 -0.81603064188470220       0.57800864310600131        6.1232339957367660E-017
          29          38  0.88339602096080150       0.46862721874707952        6.1232339957367660E-017
          29          39   1.4529095969988861E-002  0.99989444711444164        6.1232339957367660E-017
          29          40  0.73785420719538297       0.67496012395109151        6.1232339957367660E-017
          30           1  0.52616975347363959      -0.85037955674480403        6.1232339957367660E-017
          30           2  0.97836792342511769      -0.20687243995472895        6.1232339957367660E-017
          30           3  0.91025351982926339      -0.41405136111168234        6.1232339957367660E-017
          30           4 -0.95293975880424220       0.30315972042821371        6.1232339957367660E-017
          30           5  0.99990354525042868        1.3888851486851263E-002   6.1232339957367660E-017
          30           6  0.81708514172998004       0.57651701723721771        6.1232339957367660E-017
          30           7 -0.89687721232856443      -0.44227962422628431        6.1232339957367660E-017
          30           8  0.70640110558965341       0.70781175323790391        6.1232339957367660E-017
          30           9 -0.90792940679121670       0.41912312306021637        6.1232339957367660E-017
          30          10  0.88627541886179029      -0.46315859262390691        6.1232339957367660E-017
          30          11  0.93789764384644247      -0.34691210654471494        6.1232339957367660E-017
          30          12  -9.2886836786126317E-002  0.99567667219427591        6.1232339957367660E-017
          30          13  -7.3267584202576591E-002 -0.99731231873727422        6.1232339957367660E-017
          30          14  0.82135700688920077      -0.57041446969200693        6.1232339957367660E-017
          30          15  0.67749948386011871      -0.73552324869393004        6.1232339957367660E-017
          30          16  0.30734710467705328       0.95159747648185389        6.1232339957367660E-017
          30          17 -0.90227581502374077       0.43115931350632369        6.1232339957367660E-017
          30          18  0.51592832663512556      -0.85663175389164703        6.1232339957367660E-017
          30          19 -0.71743654061873141      -0.69662386564417056        6.1232339957367660E-017
          30          20  0.14216175613425103       0.98984343968772448        6.1232339957367660E-017
          30          21  0.84176337585154148      -0.53984666255800495        6.1232339957367660E-017
          30          22 -0.33733081698058009       0.94138616938810737        6.1232339957367660E-017
          30          23 -0.29207589297492836      -0.95639514466714970        6.1232339957367660E-017
          30          24 -0.61757796845586332      -0.78650966483440532        6.1232339957367660E-017
          30          25  0.98182284003695874       0.18979965959337350        6.1232339957367660E-017
          30          26  0.99915848875213076       -4.1016025582182508E-002   6.1232339957367660E-017
          30          27 -0.35384975444118094       0.93530227802669008        6.1232339957367660E-017
          30          28 -0.99626221278881555       -8.6380572868746008E-002   6.1232339957367660E-017
          30          29  0.36807037767047751      -0.92979793346807993        6.1232339957367660E-017
          30          30  0.10477502898735594      -0.99449594936364560        6.1232339957367660E-017
          30          31  0.99641290054331388       -8.4624651437155501E-002   6.1232339957367660E-017
          30          32 -0.56842113237158898      -0.82273775668398763        6.1232339957367660E-017
          30          33 -0.96228919310680050      -0.27202850738454376        6.1232339957367660E-017
          30          34  0.31608752515997252      -0.94873003348594576        6.1232339957367660E-017
          30          35   7.1056429757110864E-002 -0.99747229725450159        6.1232339957367660E-017
          30          36  0.35938841764499230       0.93318806532372056        6.1232339957367660E-017
          30          37 -0.74360034758752658       0.66862435123745656        6.1232339957367660E-017
          30          38 -0.36195180896584861       0.93219680753923950        6.1232339957367660E-017
          30          39 -0.79286824100836450      -0.60939310170061978        6.1232339957367660E-017
          30          40 -0.83554614294274476      -0.54942027903373047        6.1232339957367660E-017
          31           1  0.96070562781553270      -0.27756926465940579        6.1232339957367660E-017
          31           2 -0.94612298558814634       0.32380749858792984        6.1232339957367660E-017
          31           3  0.30883226572360362      -0.95111651843926326        6.1232339957367660E-017
          31           4 -0.82095484127453533       0.57099312481666764        6.1232339957367660E-017
          31           5  -2.8495147501624064E-002 -0.99959393083834835        6.1232339957367660E-017
          31           6  0.74717944894201305       0.66462235222621702        6.1232339957367660E-017
          31           7 -0.58101468516589905      -0.81389307382577669        6.1232339957367660E-017
          31           8 -0.99939518623399348       -3.4774440790922616E-002   6.1232339957367660E-017
          31           9 -0.35932640500440827      -0.93321194520141459        6.1232339957367660E-017
          31          10 -0.16096565587474554       0.98696000812029516        6.1232339957367660E-017
          31          11  0.30589898554727363      -0.95206397402755916        6.1232339957367660E-017
          31          12  0.27779085846716983       0.96064157673508632        6.1232339957367660E-017
          31          13  0.31698196514903321       0.94843156514861793        6.1232339957367660E-017
          31          14 -0.71570486589526250       0.69840285289640980        6.1232339957367660E-017
          31          15 -0.94282830460018996       0.33327884428017834        6.1232339957367660E-017
          31          16 -0.97701949980775671       0.21314994017217315        6.1232339957367660E-017
          31          17 -0.44319198147632222       0.89642672179888261        6.1232339957367660E-017
          31          18 -0.18095289955684274       0.98349176312868591        6.1232339957367660E-017
          31          19  -2.9386065141105377E-002 -0.99956813633464858        6.1232339957367660E-017
          31          20  0.89914431738439504      -0.43765225523850587        6.1232339957367660E-017
          31          21 -0.74640296227598379      -0.66549426586983929        6.1232339957367660E-017
          31          22 -0.89385064333647923       0.44836483738910909        6.1232339957367660E-017
          31          23  0.22290904077707621       0.97483924805059208        6.1232339957367660E-017
          31          24 -0.33468107385704143      -0.94233145909594762        6.1232339957367660E-017
          31          25  0.37386467546063168       0.92748326369952172        6.1232339957367660E-017
          31          26 -0.75777072940172097      -0.65252089749063502        6.1232339957367660E-017
          31          27  0.50710523972623311      -0.86188414293465199        6.1232339957367660E-017
          31          28  0.99107021243911320       0.13334104400330393        6.1232339957367660E-017
          31          29  0.32735238978702902      -0.94490232982077094        6.1232339957367660E-017
          31          30  0.97363274438160974       0.22812119381577634        6.1232339957367660E-017
          31          31 -0.57291999352935974      -0.81961129873514948        6.1232339957367660E-017
          31          32  0.92930526669158808      -0.36931249816283807        6.1232339957367660E-017
          31          33 -0.90761081997281268      -0.41981257659612653        6.1232339957367660E-017
          31          34  0.81703756699416463      -0.57658443797960401        6.1232339957367660E-017
          31          35  0.93881372015254771       0.34442531680080335        6.1232339957367660E-017
          31          36   5.1036633885670014E-002  0.99869678181198729        6.1232339957367660E-017
          31          37  0.82376698189626341      -0.56692853124315534        6.1232339957367660E-017
          31          38 -0.66647084733066508       0.74553109234849846        6.1232339957367660E-017
          31          39  0.88229182945318119      -0.47070280186138541        6.1232339957367660E-017
          31          40  0.84750841376940134      -0.53078195955596796        6.1232339957367660E-017
          32           1  0.21654129186626117      -0.97627346011089056        6.1232339957367660E-017
          32           2  0.22368739735706938       0.97466094015489335        6.1232339957367660E-017
          32           3 -0.94380608497961760       0.33049973366925256        6.1232339957367660E-017
          32           4  0.89297629975764592       0.45010368591152733        6.1232339957367660E-017
          32           5  0.34914274207188783       0.93706955219904742        6.1232339957367660E-017
          32           6 -0.67979220018795561       0.73340477538915605        6.1232339957367660E-017
          32           7  0.93716034484129984      -0.34889896539963527        6.1232339957367660E-017
          32           8  0.98677731330375196       0.16208187421494430        6.1232339957367660E-017
          32           9 -0.94466515120060990       0.32803620548215234        6.1232339957367660E-017
          32          10  0.52489535344053628       0.85116676858094886        6.1232339957367660E-017
          32          11 -0.99028634063889809      -0.13904302767136612        6.1232339957367660E-017
          32          12  0.83018792494373705       0.55748364036769005        6.1232339957367660E-017
          32          13 -0.66743785577971559       0.74466550119646047        6.1232339957367660E-017
          32          14 -0.91599723464632699      -0.40118457861722684        6.1232339957367660E-017
          32          15  0.91766591803423747       0.39735281913984222        6.1232339957367660E-017
          32          16  0.44039005452011826       0.89780654925199077        6.1232339957367660E-017
          32          17 -0.74876619076880091      -0.66283421121844621        6.1232339957367660E-017
          32          18  0.53365421017258552       0.84570277519059489        6.1232339957367660E-017
          32          19  0.46556815331984219      -0.88501203077379231        6.1232339957367660E-017
          32          20 -0.21487138493419708       0.97664235415860401        6.1232339957367660E-017
          32          21 -0.20950653953863593       0.97780724577523248        6.1232339957367660E-017
          32          22  0.78879437944664810      -0.61465716212647947        6.1232339957367660E-017
          32          23 -0.61460955361814151       0.78883147541240317        6.1232339957367660E-017
          32          24  0.77361847009441198       0.63365168880764566        6.1232339957367660E-017
          32          25  0.42456555841048987      -0.90539719825697984        6.1232339957367660E-017
          32          26 -0.73074889555187994      -0.68264635914191152        6.1232339957367660E-017
          32          27  0.97886292465260194      -0.20451741916168040        6.1232339957367660E-017
          32          28  0.99076817649453852       0.13556703303416726        6.1232339957367660E-017
          32          29  0.96385866403117093      -0.26641410580531666        6.1232339957367660E-017
          32          30  0.53271224751897717       0.84629643821965839        6.1232339957367660E-017
          32          31 -0.97789288674645558       0.20910643713354171        6.1232339957367660E-017
          32          32  0.83260055355515106      -0.55387391906430838        6.1232339957367660E-017
          32          33  -4.5357140167453659E-002  0.99897083532795383        6.1232339957367660E-017
          32          34 -0.54962254361072982       0.83541310712417682        6.1232339957367660E-017
          32          35  0.78804837691974183       0.61561331664784547        6.1232339957367660E-017
          32          36 -0.69579918715286837       0.71823637554596731        6.1232339957367660E-017
          32          37  0.99946275916603855        3.2774884289791979E-002   6.1232339957367660E-017
          32          38  0.21575781946188241       0.97644690758947761        6.1232339957367660E-017
          32          39 -0.32940319296858450      -0.94418935413512339        6.1232339957367660E-017
          32          40  -6.2466330558305659E-002  0.99804707180903074        6.1232339957367660E-017
          33           1 -0.83332125717413630       0.55278900345585480        6.1232339957367660E-017
          33           2 -0.89631135537664364      -0.44342525212586165        6.1232339957367660E-017
          33           3 -0.51624959181445806       0.85643818162865992        6.1232339957367660E-017
          33           4  0.11164974110007696       0.99374762153792640        6.1232339957367660E-017
          33           5 -0.86619639190599462       0.49970372286889819        6.1232339957367660E-017
          33           6  0.97017838004662360      -0.24239206028686078        6.1232339957367660E-017
          33           7  0.61599743362029380      -0.78774815885104532        6.1232339957367660E-017
          33           8 -0.86003827503358987       0.51022952234974339        6.1232339957367660E-017
          33           9 -0.86348250555223105       0.50437878881376574        6.1232339957367660E-017
          33          10 -0.18334775254919675       0.98304811766014710        6.1232339957367660E-017
          33          11  0.32097413570342481      -0.94708796012273300        6.1232339957367660E-017
          33          12 -0.16330235729939668       0.98657606908968765        6.1232339957367660E-017
          33          13 -0.91660726467665077       0.39978884719560193        6.1232339957367660E-017
          33          14  0.68299499530571539       0.73042305302293531        6.1232339957367660E-017
          33          15  0.94887165969637610      -0.31566211908470221        6.1232339957367660E-017
          33          16 -0.88029933617794409      -0.47441867451089115        6.1232339957367660E-017
          33          17  0.98572286909949858       0.16837584545965265        6.1232339957367660E-017
          33          18 -0.54207912784403933       0.84032744757971922        6.1232339957367660E-017
          33          19 -0.93914118924981915      -0.34353140563045370        6.1232339957367660E-017
          33          20  0.58844199041116052      -0.80853943869235689        6.1232339957367660E-017
          33          21 -0.99731576776070374       -7.3220621247556600E-002   6.1232339957367660E-017
          33          22  0.97886119837226415      -0.20452568132441221        6.1232339957367660E-017
          33          23  0.70048119774229478       0.71367085663456942        6.1232339957367660E-017
          33          24  0.98270991828840504      -0.18515187414011339        6.1232339957367660E-017
          33          25  0.60111527369348672       0.79916232877457671        6.1232339957367660E-017
          33          26  0.91143331133525762      -0.41144783264521789        6.1232339957367660E-017
          33          27  0.99999621874772204        2.7499982287267416E-003   6.1232339957367660E-017
          33          28  0.96405342394581384      -0.26570847893575589        6.1232339957367660E-017
          33          29  0.85394093568220797       0.52036994375751100        6.1232339957367660E-017
          33          30  0.64283669446354974       0.76600325342075193        6.1232339957367660E-017
          33          31 -0.83761217898999152      -0.54626535457379910        6.1232339957367660E-017
          33          32  0.88537360108863483       0.46488018509648582        6.1232339957367660E-017
          33          33 -0.59331896687896324       0.80496745495807454        6.1232339957367660E-017
          33          34  0.15140452762935441       0.98847188579814049        6.1232339957367660E-017
          33          35 -0.95984106898826538      -0.28054433211787383        6.1232339957367660E-017
          33          36 -0.93687984907161881       0.34965146704045269        6.1232339957367660E-017
          33          37 -0.93002898521242028      -0.36748617207284912        6.1232339957367660E-017
          33          38 -0.68631778715253677      -0.72730179089429259        6.1232339957367660E-017
          33          39 -0.28565007228971101       0.95833398990168495        6.1232339957367660E-017
          33          40 -0.38589507248944283      -0.92254267816094426        6.1232339957367660E-017
          34           1  0.27161669451735226      -0.96240551289956111        6.1232339957367660E-017
          34           2 -0.73390420419774927      -0.67925298605222806        6.1232339957367660E-017
          34           3 -0.91685139605673205      -0.39922865321620060        6.1232339957367660E-017
          34           4  0.60087387818017612       0.79934384498832212        6.1232339957367660E-017
          34           5 -0.52191254622274574       0.85299900005526985        6.1232339957367660E-017
          34           6 -0.49221987287855185       0.87047090516766978        6.1232339957367660E-017
          34           7 -0.23244258307060670       0.97261012002521552        6.1232339957367660E-017
          34           8  0.99994926553560615       -1.0073050918260346E-002   6.1232339957367660E-017
          34           9 -0.98490692993540574       0.17308477508207865        6.1232339957367660E-017
          34          10  0.97594220248842012       0.21802939572922644        6.1232339957367660E-017
          34          11  0.87581386911089920       0.48264900981251047        6.1232339957367660E-017
          34          12 -0.99455298642450041       0.10423222723374770        6.1232339957367660E-017
          34          13 -0.26717372578375626       0.96364837998661435        6.1232339957367660E-017
          34          14  0.99537207024150276        9.6096002950928502E-002   6.1232339957367660E-017
          34          15  0.69634088799898153      -0.71771120076308537        6.1232339957367660E-017
          34          16 -0.98515803546601532       0.17164977470635193        6.1232339957367660E-017
          34          17 -0.42664651983332963       0.90441845796849385        6.1232339957367660E-017
          34          18 -0.31201088941821176      -0.95007852564114748        6.1232339957367660E-017
          34          19  0.79657123259087792      -0.60454468106885995        6.1232339957367660E-017
          34          20  0.13712367735153100      -0.99055393447787243        6.1232339957367660E-017
          34          21 -0.94506631730686497      -0.32687865621976614        6.1232339957367660E-017
          34          22  0.16543988052339992       0.98621987707224967        6.1232339957367660E-017
          34          23  0.93806551417151396      -0.34645792114213980        6.1232339957367660E-017
          34          24 -0.11811393673533910      -0.99300004931967667        6.1232339957367660E-017
          34          25  0.57081278201450003      -0.82108024448823935        6.1232339957367660E-017
          34          26  0.92237742338261930       0.38628990257841345        6.1232339957367660E-017
          34          27 -0.99945033246331805        3.3151665704199945E-002   6.1232339957367660E-017
          34          28  0.80557447333978793      -0.59249452985097117        6.1232339957367660E-017
          34          29  0.26478918603523488      -0.96430632423457530        6.1232339957367660E-017
          34          30 -0.58000363205366634       0.81461388817313651        6.1232339957367660E-017
          34          31  0.61742491150686007      -0.78662982313839724        6.1232339957367660E-017
          34          32  0.14347124508222583      -0.98965448608822859        6.1232339957367660E-017
          34          33  0.66987548524645890       0.74247345694362787        6.1232339957367660E-017
          34          34  0.88941652469417187      -0.45709763246044216        6.1232339957367660E-017
          34          35 -0.38852965791874100       0.92143621858354696        6.1232339957367660E-017
          34          36  0.83663393479553883      -0.54776241122272529        6.1232339957367660E-017
          34          37 -0.83790782919844842       0.54581175305039364        6.1232339957367660E-017
          34          38 -0.75392599408351879      -0.65695935600703492        6.1232339957367660E-017
          34          39 -0.68273559418585161       0.73066552432128073        6.1232339957367660E-017
          34          40 -0.91980391206818712       0.39237834209351918        6.1232339957367660E-017
          35           1  0.82981103104428899      -0.55804448994431799        6.1232339957367660E-017
          35           2 -0.59034709335389324       0.80714949629458954        6.1232339957367660E-017
          35           3  0.30205077798786523       0.95329183753818292        6.1232339957367660E-017
          35           4  -5.5887926326135366E-002  0.99843704843668757        6.1232339957367660E-017
          35           5  0.83313181318478047       0.55307448129473491        6.1232339957367660E-017
          35           6 -0.86463976678268217       0.50239235035775476        6.1232339957367660E-017
          35           7  0.29281423873430684      -0.95616934775930162        6.1232339957367660E-017
          35           8  0.71786142124794072      -0.69618602390732220        6.1232339957367660E-017
          35           9 -0.37570746342540562       0.92673831361741354        6.1232339957367660E-017
          35          10 -0.99963261336916154        2.7104211642112637E-002   6.1232339957367660E-017
          35          11  0.99976141746722225        2.1842805312745139E-002   6.1232339957367660E-017
          35          12 -0.69412348007845215      -0.71985595392674129        6.1232339957367660E-017
          35          13  0.47786158989554178      -0.87843514325333383        6.1232339957367660E-017
          35          14 -0.83050253290161624      -0.55701484975178162        6.1232339957367660E-017
          35          15 -0.99960069403465024       -2.8256901554232793E-002   6.1232339957367660E-017
          35          16  0.74406721800049491      -0.66810476356407156        6.1232339957367660E-017
          35          17 -0.38006865648677601      -0.92495827817060861        6.1232339957367660E-017
          35          18 -0.99995398427197157        9.5931923054655577E-003   6.1232339957367660E-017
          35          19 -0.96761637937125744      -0.25242532038695892        6.1232339957367660E-017
          35          20 -0.36991214916281140      -0.92906673705485221        6.1232339957367660E-017
          35          21  0.27323139784143835      -0.96194833709176586        6.1232339957367660E-017
          35          22  -7.6821383970887058E-002 -0.99704487108895834        6.1232339957367660E-017
          35          23   5.7080558442358223E-002 -0.99836957578238961        6.1232339957367660E-017
          35          24  0.76918256740917701       0.63902909009983810        6.1232339957367660E-017
          35          25  0.97539215079405572      -0.22047710123581107        6.1232339957367660E-017
          35          26 -0.31202170579854166       0.95007497341555536        6.1232339957367660E-017
          35          27   5.5060254501138516E-002 -0.99848303359359580        6.1232339957367660E-017
          35          28  0.78314563609793642      -0.62183833321914028        6.1232339957367660E-017
          35          29  0.29758070068530457       0.95469666731357306        6.1232339957367660E-017
          35          30 -0.52830063267891525       0.84905738410961240        6.1232339957367660E-017
          35          31  0.51990715836025947       0.85422277345301445        6.1232339957367660E-017
          35          32 -0.11654118302971671      -0.99318586007757581        6.1232339957367660E-017
          35          33  0.53536078206463078      -0.84462348595521952        6.1232339957367660E-017
          35          34 -0.64916709753303481      -0.76064583051544776        6.1232339957367660E-017
          35          35 -0.32578437038226837      -0.94544409883114133        6.1232339957367660E-017
          35          36  0.98858607657035313       0.15065712466138395        6.1232339957367660E-017
          35          37  0.46317373611454321      -0.88626750486165040        6.1232339957367660E-017
          35          38  0.66118333509837757       0.75022436469911224        6.1232339957367660E-017
          35          39 -0.92952389073766339      -0.36876189682221300        6.1232339957367660E-017
          35          40  0.99997176513916763        7.5145807905329159E-003   6.1232339957367660E-017
          36           1 -0.62443721988364853      -0.78107500179174849        6.1232339957367660E-017
          36           2  0.22441622392589491       0.97449338552852305        6.1232339957367660E-017
          36           3  0.81735937967083916      -0.57612814934188117        6.1232339957367660E-017
          36           4 -0.15563868188214366       0.98781405168279968        6.1232339957367660E-017
          36           5 -0.47678840096723152      -0.87901810032735417        6.1232339957367660E-017
          36           6 -0.15694474009397408       0.98760738583550245        6.1232339957367660E-017
          36           7 -0.45362937642490908       0.89119043354624727        6.1232339957367660E-017
          36           8  -2.4972830166353158E-002 -0.99968813024536929        6.1232339957367660E-017
          36           9 -0.28347564926169094      -0.95897943475116443        6.1232339957367660E-017
          36          10  0.98828191087970951      -0.15263965614462643        6.1232339957367660E-017
          36          11  0.39333457673793276      -0.91939540500395767        6.1232339957367660E-017
          36          12   9.0304053456385189E-002  0.99591424225650393        6.1232339957367660E-017
          36          13  0.98785151140040783       0.15540074460545492        6.1232339957367660E-017
          36          14  0.99493086928731189      -0.10056125167873502        6.1232339957367660E-017
          36          15  0.98575287545576251      -0.16820008481179799        6.1232339957367660E-017
          36          16  0.75657511633060537       0.65390679255481887        6.1232339957367660E-017
          36          17  -3.8990861507285021E-002 -0.99923956723046137        6.1232339957367660E-017
          36          18 -0.43345243567676683       0.90117644554542053        6.1232339957367660E-017
          36          19  0.41885973784552843      -0.90805094571393696        6.1232339957367660E-017
          36          20 -0.82181075898653888       0.56976054304766399        6.1232339957367660E-017
          36          21 -0.97690828271875541      -0.21365909097319533        6.1232339957367660E-017
          36          22 -0.75798524746937812      -0.65227169539907648        6.1232339957367660E-017
          36          23 -0.92809973861366901      -0.37233167362613567        6.1232339957367660E-017
          36          24  0.92440482544314262      -0.38141279304374803        6.1232339957367660E-017
          36          25  0.15674667526958674      -0.98763884076717579        6.1232339957367660E-017
          36          26   7.1623837585421235E-002  0.99743171490059268        6.1232339957367660E-017
          36          27 -0.48565566187889714      -0.87415020338896587        6.1232339957367660E-017
          36          28 -0.96161524677141419      -0.27440137969177958        6.1232339957367660E-017
          36          29 -0.68786347560956396       0.72584009184002141        6.1232339957367660E-017
          36          30 -0.98905513238961096      -0.14754641674323737        6.1232339957367660E-017
          36          31 -0.61200032789637959       0.79085750843924085        6.1232339957367660E-017
          36          32 -0.94243849921352896      -0.33437953765167994        6.1232339957367660E-017
          36          33  0.97016847999187394      -0.24243168198537268        6.1232339957367660E-017
          36          34  0.47421453151354509      -0.88040932417903717        6.1232339957367660E-017
          36          35 -0.61987248425690222       0.78470255719041493        6.1232339957367660E-017
          36          36  0.94719781530770053      -0.32064980691763911        6.1232339957367660E-017
          36          37  0.40735456377781259      -0.91327009113919200        6.1232339957367660E-017
          36          38 -0.51571124765499410      -0.85676245776885518        6.1232339957367660E-017
          36          39  0.34877441440972229       0.93720670497663172        6.1232339957367660E-017
          36          40   7.3647496663326747E-002 -0.99728433570132102        6.1232339957367660E-017
          37           1 -0.47713506341721718       0.87882997858393985        6.1232339957367660E-017
          37           2 -0.93927328717444958      -0.34317006279759316        6.1232339957367660E-017
          37           3 -0.99929070999641678       -3.7657362027329305E-002   6.1232339957367660E-017
          37           4 -0.88135045681880908       0.47246309090264033        6.1232339957367660E-017
          37           5  0.56806327021857295      -0.82298488505475031        6.1232339957367660E-017
          37           6 -0.71084853778786439       0.70334511893156348        6.1232339957367660E-017
          37           7 -0.12991401045198894      -0.99152526437215938        6.1232339957367660E-017
          37           8 -0.15427126592042772       0.98802853021120229        6.1232339957367660E-017
          37           9 -0.99807991140504160        6.1939409504000238E-002   6.1232339957367660E-017
          37          10  0.96778824521116102      -0.25176559024438117        6.1232339957367660E-017
          37          11 -0.86445433137207672      -0.50271135751249518        6.1232339957367660E-017
          37          12  0.41045451350795725      -0.91188107357316406        6.1232339957367660E-017
          37          13 -0.66768101374133793       0.74444748900734381        6.1232339957367660E-017
          37          14  0.40698022603669920       0.91343696860545187        6.1232339957367660E-017
          37          15  0.99765189958359191        6.8488592168700790E-002   6.1232339957367660E-017
          37          16 -0.59214631513360216      -0.80583046695548610        6.1232339957367660E-017
          37          17 -0.86880885944087394       0.49514762016700403        6.1232339957367660E-017
          37          18  0.78454036423607709      -0.62007775067673854        6.1232339957367660E-017
          37          19 -0.18468413480658219       0.98279792956168976        6.1232339957367660E-017
          37          20 -0.76252510260560347       0.64695862919997749        6.1232339957367660E-017
          37          21  0.97887506050557938       0.20445932583327739        6.1232339957367660E-017
          37          22 -0.62100318887597661      -0.78380803734451976        6.1232339957367660E-017
          37          23 -0.96190215336578133       0.27339394168538739        6.1232339957367660E-017
          37          24  0.34784416194520068      -0.93755236600450276        6.1232339957367660E-017
          37          25  0.55858994854698074      -0.82944395192338427        6.1232339957367660E-017
          37          26   7.2285419911387816E-002  0.99738398727282285        6.1232339957367660E-017
          37          27  0.94107652904450523      -0.33819368190660593        6.1232339957367660E-017
          37          28 -0.15533642180945381      -0.98786162799221811        6.1232339957367660E-017
          37          29   8.9235386051962406E-002  0.99601056514283881        6.1232339957367660E-017
          37          30 -0.56064512775271957      -0.82805618210791521        6.1232339957367660E-017
          37          31  0.66573769319025966      -0.74618585075416144        6.1232339957367660E-017
          37          32 -0.27082031511299842      -0.96262991690581501        6.1232339957367660E-017
          37          33 -0.20930520534074740       0.97785036228313971        6.1232339957367660E-017
          37          34  0.40698283101669097       0.91343580795677126        6.1232339957367660E-017
          37          35  0.98814426554999868       0.15352820737784204        6.1232339957367660E-017
          37          36  0.14682256844064587       0.98916284473108462        6.1232339957367660E-017
          37          37 -0.65751232874436150       0.75344378526149303        6.1232339957367660E-017
          37          38 -0.97523591088078554       0.22116717235730202        6.1232339957367660E-017
          37          39 -0.91759836445288623      -0.39750879430949465        6.1232339957367660E-017
          37          40 -0.48941053919967137      -0.87205350989505626        6.1232339957367660E-017
          38           1 -0.27277987445617835       0.96207647309955124        6.1232339957367660E-017
          38           2  0.92459590642092015      -0.38094935336561081        6.1232339957367660E-017
          38           3  0.99109647076612406      -0.13314573081752681        6.1232339957367660E-017
          38           4 -0.73919146781943146       0.67349534066907579        6.1232339957367660E-017
          38           5 -0.70432721847308888      -0.70987546042806815        6.1232339957367660E-017
          38           6  0.70500917787647133       0.70919818041922666        6.1232339957367660E-017
          38           7  0.85918618189060247       0.51166307747212769        6.1232339957367660E-017
          38           8  0.20645232316149623      -0.97845666141184873        6.1232339957367660E-017
          38           9  0.99506711787133884       -9.9203986468423558E-002   6.1232339957367660E-017
          38          10 -0.60147280464561326      -0.79889327527007004        6.1232339957367660E-017
          38          11 -0.17305452186252110       0.98491224607217376        6.1232339957367660E-017
          38          12 -0.63431259572633725       0.77307666560498134        6.1232339957367660E-017
          38          13   5.9763734598043232E-002  0.99821255052563562        6.1232339957367660E-017
          38          14  0.23067178970464039      -0.97303161584527054        6.1232339957367660E-017
          38          15  0.92376387976036434      -0.38296252355821875        6.1232339957367660E-017
          38          16 -0.23143071291893264      -0.97285138901984125        6.1232339957367660E-017
          38          17  0.76619531211166891       0.64260776815885301        6.1232339957367660E-017
          38          18  -3.4457466211058017E-002 -0.99940616519126690        6.1232339957367660E-017
          38          19  0.26709661611496915      -0.96366975549714784        6.1232339957367660E-017
          38          20  0.78331996529223913      -0.62161871913140232        6.1232339957367660E-017
          38          21  0.68640239349529586      -0.72722194287846476        6.1232339957367660E-017
          38          22 -0.95174462838656848       0.30689112456588341        6.1232339957367660E-017
          38          23  0.62398040023761825      -0.78143999137445075        6.1232339957367660E-017
          38          24  0.55202387320150381      -0.83382830571743616        6.1232339957367660E-017
          38          25 -0.76223087270996026       0.64730525773224823        6.1232339957367660E-017
          38          26 -0.82867909335117662       0.55972400363274755        6.1232339957367660E-017
          38          27 -0.26636637800203350       0.96387185490088767        6.1232339957367660E-017
          38          28 -0.95842343524861962      -0.28534981823410216        6.1232339957367660E-017
          38          29  0.99255268355981319      -0.12181613340692336        6.1232339957367660E-017
          38          30  0.45305205101838353      -0.89148406551549531        6.1232339957367660E-017
          38          31 -0.76827327576368920       0.64012199911214607        6.1232339957367660E-017
          38          32  0.33595950476222181      -0.94187643093981421        6.1232339957367660E-017
          38          33   3.1303101398325789E-002 -0.99950993784096320        6.1232339957367660E-017
          38          34  0.67330747070685115       0.73936259703229690        6.1232339957367660E-017
          38          35 -0.86262076929719911      -0.50585117216144548        6.1232339957367660E-017
          38          36  0.31545357281354247      -0.94894101154875321        6.1232339957367660E-017
          38          37  0.63693425419764194      -0.77091812524398051        6.1232339957367660E-017
          38          38 -0.25992800320297016      -0.96562799936151222        6.1232339957367660E-017
          38          39  0.23183866896406943       0.97275425034947471        6.1232339957367660E-017
          38          40 -0.96925899033820229       0.24604269883206989        6.1232339957367660E-017
          39           1 -0.99586441307958284        9.0851916664745597E-002   6.1232339957367660E-017
          39           2  0.93489461918048988       0.35492541614734607        6.1232339957367660E-017
          39           3 -0.99873044068840022        5.0373672115043074E-002   6.1232339957367660E-017
          39           4 -0.29986170189034844      -0.95398268314441836        6.1232339957367660E-017
          39           5  0.92521726912194691      -0.37943774841010075        6.1232339957367660E-017
          39           6 -0.98681781340474517      -0.16183511098361036        6.1232339957367660E-017
          39           7  0.75434691275097487      -0.65647599744626850        6.1232339957367660E-017
          39           8  0.78916125181855401       0.61418606189669656        6.1232339957367660E-017
          39           9 -0.39422380491985171       0.91901446758716188        6.1232339957367660E-017
          39          10 -0.61677747418872453       0.78713756569825666        6.1232339957367660E-017
          39          11  0.99673641098690702        8.0725008596713971E-002   6.1232339957367660E-017
          39          12 -0.61123893309673782       0.79144612366652067        6.1232339957367660E-017
          39          13  0.98056121257442974       0.19621342562262176        6.1232339957367660E-017
          39          14  0.17759362021721925       0.98410391019350296        6.1232339957367660E-017
          39          15  0.39669257968171506       0.91795152226327625        6.1232339957367660E-017
          39          16 -0.77031758545459939      -0.63766042494371256        6.1232339957367660E-017
          39          17   9.6921781277935437E-002  0.99529200153216946        6.1232339957367660E-017
          39          18 -0.54060966220457607      -0.84127355428008921        6.1232339957367660E-017
          39          19 -0.99370850135799882       0.11199738536608805        6.1232339957367660E-017
          39          20  0.90469839924398865      -0.42605258643196220        6.1232339957367660E-017
          39          21  -5.2668586166935268E-002  0.99861204680855720        6.1232339957367660E-017
          39          22 -0.75271647549879672       0.65834482417094253        6.1232339957367660E-017
          39          23  0.37398819240803394      -0.92743346496628609        6.1232339957367660E-017
          39          24  0.96078901412012685      -0.27728049038126501        6.1232339957367660E-017
          39          25 -0.90128440079489625      -0.43322791794133575        6.1232339957367660E-017
          39          26  0.15138873790500745      -0.98847430418576332        6.1232339957367660E-017
          39          27 -0.80119998278630078       0.59839668079229125        6.1232339957367660E-017
          39          28 -0.88895102965410100       0.45800225641028636        6.1232339957367660E-017
          39          29  -4.3563085589078197E-002 -0.99905067818102133        6.1232339957367660E-017
          39          30 -0.99709129906267502        7.6216411182285129E-002   6.1232339957367660E-017
          39          31 -0.28413642999158029      -0.95878385945511191        6.1232339957367660E-017
          39          32   1.7515348776889140E-002  0.99984659451199009        6.1232339957367660E-017
          39          33  0.98524452560400966       0.17115263587607973        6.1232339957367660E-017
          39          34  0.96153261324048545      -0.27469079648747419        6.1232339957367660E-017
          39          35 -0.89220306981218334       0.45163445641106298        6.1232339957367660E-017
          39          36 -0.96618651581329351      -0.25784417127514886        6.1232339957367660E-017
          39          37 -0.72009431390129219       0.69387619867453820        6.1232339957367660E-017
          39          38 -0.46187140208629091      -0.88694690254538000        6.1232339957367660E-017
          39          39  0.94988575119950636      -0.31259728032749989        6.1232339957367660E-017
          39          40  0.57003675223188832       0.82161919470331313        6.1232339957367660E-017
          40           1  0.92460821620257072      -0.38091947512656837        6.1232339957367660E-017
          40           2  -3.6835479753746028E-002  0.99932134342828449        6.1232339957367660E-017
          40           3 -0.53684185305565979      -0.84368289351376879        6.1232339957367660E-017
          40           4  0.72729205710182543       0.68632810205949979        6.1232339957367660E-017
          40           5 -0.69207292535941245       0.72182758743654651        6.1232339957367660E-017
          40           6  0.80522769738144861      -0.59296572866378217        6.1232339957367660E-017
          40           7  0.99477069308333765      -0.10213358009242569        6.1232339957367660E-017
          40           8 -0.54343063899343114       0.83945407295646091        6.1232339957367660E-017
          40           9 -0.91167138510483703       0.41092004767476098        6.1232339957367660E-017
          40          10  0.44107492548976124      -0.89747028368865867        6.1232339957367660E-017
          40          11  0.56790559420929387       0.82309369822990919        6.1232339957367660E-017
          40          12 -0.89579862738624771      -0.44446014351448260        6.1232339957367660E-017
          40          13  0.61992268112425275       0.78466290177866704        6.1232339957367660E-017
          40          14  0.70696242394625020      -0.70725110896204491        6.1232339957367660E-017
          40          15 -0.89417978234116535       0.44770807101537280        6.1232339957367660E-017
          40          16  0.85742605022473828      -0.51460719815797806        6.1232339957367660E-017
          40          17  0.38000353343455462      -0.92498503478556526        6.1232339957367660E-017
          40          18 -0.52096290420425351       0.85357931819079924        6.1232339957367660E-017
          40          19  -9.7723294790984627E-002  0.99521362413061565        6.1232339957367660E-017
          40          20 -0.99766540902642920       -6.8291519474439247E-002   6.1232339957367660E-017
          40          21 -0.32554764301488903      -0.94552563800642142        6.1232339957367660E-017
          40          22  0.50101182630549190      -0.86544043694643458        6.1232339957367660E-017
          40          23 -0.96097218220131553      -0.27664501628484406        6.1232339957367660E-017
          40          24  0.58906095793590629      -0.80808860147612060        6.1232339957367660E-017
          40          25  -9.7067127628978581E-002  0.99527783695501815        6.1232339957367660E-017
          40          26 -0.91033919954600073       0.41386295046784105        6.1232339957367660E-017
          40          27  0.18386605681157084      -0.98295130762035421        6.1232339957367660E-017
          40          28 -0.49075192897027214       0.87129934248337237        6.1232339957367660E-017
          40          29 -0.44108356995025882       0.89746603519015422        6.1232339957367660E-017
          40          30  0.92516659491146380       0.37956128841061687        6.1232339957367660E-017
          40          31 -0.70500339882545027      -0.70920392528846243        6.1232339957367660E-017
          40          32 -0.99996110759247459        8.8194842497392682E-003   6.1232339957367660E-017
          40          33 -0.99700347201511019       -7.7356814760015866E-002   6.1232339957367660E-017
          40          34 -0.22096744028469054       0.97528118526609120        6.1232339957367660E-017
          40          35  0.83564628808497898      -0.54926795028455488        6.1232339957367660E-017
          40          36  0.66490955484277536       0.74692388091343176        6.1232339957367660E-017
          40          37  0.63526855651521619       0.77229130585749417        6.1232339957367660E-017
          40          38  0.75022890693857791       0.66117818112347482        6.1232339957367660E-017
          40          39 -0.96241499074862380      -0.27158310989884182        6.1232339957367660E-017
          40          40  0.91531590246818184      -0.40273663688427680        6.1232339957367660E-017
